online_order,book_table,rate,votes,location,rest_type,cuisines,cost,menu_item
1,1,4.1,775,1,15,564,800.0,518
1,0,4.1,787,1,15,257,800.0,518
1,0,3.8,918,1,12,222,800.0,518
0,0,3.7,88,1,43,661,300.0,518
0,0,3.8,166,3,15,574,600.0,518
1,0,3.8,286,3,15,468,600.0,518
1,1,4.6,2556,1,17,605,600.0,518
1,0,4.0,324,1,10,210,700.0,518
1,0,4.2,504,1,10,223,550.0,518
1,0,4.1,402,1,10,146,500.0,518
1,1,4.2,150,1,10,210,600.0,518
1,1,4.2,164,1,10,170,500.0,518
0,0,4.0,424,1,10,171,450.0,518
1,0,3.8,918,1,12,222,800.0,518
1,0,3.8,90,1,10,146,650.0,518
1,0,3.9,133,1,10,197,800.0,518
1,0,3.8,144,1,10,236,700.0,518
0,0,3.9,93,1,10,205,300.0,518
1,0,3.0,62,1,10,199,400.0,518
1,0,3.7,180,1,10,225,500.0,518
1,0,3.6,62,1,46,404,600.0,518
0,0,3.8,148,3,17,482,550.0,518
1,0,4.0,219,3,10,204,600.0,518
1,0,2.8,506,1,43,544,500.0,518
1,0,3.9,172,1,22,604,750.0,518
1,0,4.2,415,1,43,481,500.0,172
1,0,3.9,230,1,22,96,650.0,518
1,0,4.2,1647,1,15,265,600.0,518
1,0,4.4,4884,18,15,572,750.0,518
1,0,3.8,133,3,43,677,200.0,518
1,0,3.9,286,1,43,139,500.0,518
1,0,3.9,540,1,43,608,800.0,518
1,1,4.6,2556,1,17,605,600.0,518
0,0,3.8,36,1,22,538,400.0,518
1,0,3.6,244,24,43,484,300.0,24
1,0,4.0,804,24,15,494,450.0,484
1,0,3.7,679,34,15,262,850.0,518
1,0,3.1,245,24,43,515,300.0,479
0,0,4.3,345,1,23,387,400.0,518
1,0,4.0,618,18,15,121,750.0,518
0,0,4.0,1047,1,43,400,450.0,518
1,0,3.9,627,1,22,375,450.0,2
1,1,4.2,354,1,15,57,800.0,518
0,0,4.2,244,1,15,409,800.0,518
1,1,3.6,163,24,15,371,800.0,518
0,1,4.0,808,1,15,484,850.0,518
1,0,4.1,1720,3,43,553,400.0,518
0,0,4.1,868,1,38,299,1200.0,518
0,0,4.1,520,1,43,103,300.0,518
0,0,3.6,299,1,43,358,300.0,518
0,0,3.8,39,1,43,650,350.0,518
1,0,4.2,146,1,6,89,400.0,518
1,0,4.4,4401,18,15,120,600.0,518
0,0,2.6,283,1,15,468,600.0,518
0,0,3.3,62,1,4,662,800.0,518
0,0,3.7,65,1,43,360,300.0,518
1,0,3.8,71,3,23,390,400.0,518
0,0,3.5,52,1,43,642,300.0,518
0,0,3.7,130,1,43,642,200.0,518
0,0,3.8,45,1,52,68,400.0,518
1,0,4.1,201,1,43,666,300.0,353
1,0,4.0,771,1,15,662,450.0,466
0,0,3.0,98,1,4,484,800.0,518
1,1,4.1,175,18,15,663,500.0,267
1,0,3.8,540,3,15,552,650.0,518
1,0,3.8,124,24,43,252,400.0,518
1,0,4.1,340,1,52,566,500.0,518
1,0,3.8,505,1,43,139,450.0,518
1,0,4.1,438,18,23,325,500.0,518
1,0,3.7,264,30,15,490,750.0,518
1,0,3.7,97,18,43,564,350.0,518
1,0,3.6,195,18,15,260,800.0,518
1,0,4.6,228,18,10,159,400.0,518
1,1,4.1,364,18,15,689,1200.0,518
1,0,3.2,167,24,43,665,300.0,423
1,0,4.2,64,3,43,627,500.0,518
1,0,3.0,290,1,43,492,450.0,518
1,0,4.1,233,3,43,676,200.0,518
1,0,3.8,115,24,43,355,250.0,518
1,1,3.9,291,18,10,164,650.0,280
1,0,4.5,155,18,6,92,300.0,518
1,0,4.1,305,24,15,393,700.0,518
1,0,3.9,441,1,43,664,400.0,518
1,0,4.3,630,18,43,598,200.0,518
1,0,3.9,160,24,43,36,300.0,518
1,0,4.2,287,1,43,468,350.0,518
1,0,4.1,402,1,10,146,500.0,518
1,0,3.8,469,3,15,487,750.0,518
1,0,3.3,511,24,15,62,550.0,518
1,0,3.9,264,1,43,642,200.0,518
1,0,3.0,62,1,10,199,400.0,518
1,0,3.8,693,1,15,608,750.0,518
1,0,3.8,242,18,15,442,650.0,518
1,0,4.1,163,3,43,289,500.0,518
1,0,4.2,191,3,43,677,250.0,398
1,0,2.5,247,1,15,468,500.0,518
1,1,4.1,2339,18,15,486,1500.0,518
1,0,4.1,337,18,43,240,300.0,518
1,0,3.9,135,1,15,497,800.0,518
1,0,3.6,172,43,15,484,700.0,518
1,0,3.6,105,1,15,692,700.0,518
1,0,4.2,504,1,10,223,550.0,518
1,1,4.3,1129,18,15,414,1300.0,518
1,0,4.3,860,1,23,323,500.0,518
1,0,3.8,412,18,15,31,700.0,518
1,1,3.9,142,18,15,445,1000.0,518
1,0,3.6,143,18,15,646,750.0,518
1,0,4.4,181,18,6,94,250.0,518
1,0,3.8,70,18,43,596,200.0,518
1,0,3.8,164,3,43,610,600.0,518
1,0,3.6,58,24,43,163,650.0,518
0,0,3.8,148,3,17,482,550.0,518
0,0,3.9,206,3,43,660,450.0,518
0,0,3.7,217,3,15,526,450.0,518
1,0,2.9,177,18,15,489,700.0,518
1,0,3.7,136,1,43,625,600.0,518
1,0,4.1,185,18,43,419,200.0,518
1,0,3.8,155,30,15,666,400.0,518
1,0,3.8,42,1,43,662,300.0,296
1,0,3.8,286,3,15,468,600.0,518
1,0,3.8,160,1,15,484,700.0,518
1,0,3.8,59,1,15,484,750.0,518
1,0,4.0,89,18,43,644,200.0,518
1,0,3.9,40,3,15,525,600.0,518
1,0,2.5,35,3,43,336,200.0,518
1,0,3.6,62,1,46,404,600.0,518
1,0,4.1,139,18,15,523,550.0,518
1,0,3.7,237,1,43,654,200.0,325
1,0,3.9,388,1,15,127,650.0,518
1,0,3.9,128,24,15,652,500.0,14
1,1,4.1,1875,18,15,470,1200.0,518
1,0,3.8,90,1,10,146,650.0,518
1,0,4.2,179,1,22,604,600.0,518
1,0,3.7,323,18,15,265,850.0,518
1,0,4.3,322,18,15,642,400.0,518
1,0,2.6,157,18,10,154,450.0,518
1,0,3.9,543,3,43,654,300.0,270
1,0,3.7,180,1,10,225,500.0,518
1,0,3.9,134,18,43,682,400.0,424
1,0,3.8,577,18,15,580,900.0,518
1,0,3.9,144,18,15,519,550.0,518
1,0,4.1,787,1,15,257,800.0,518
1,0,3.6,84,1,43,662,250.0,16
1,1,4.0,349,1,15,629,1200.0,518
1,0,3.7,248,24,43,542,400.0,518
1,0,4.1,216,3,10,176,500.0,518
1,0,4.0,324,1,10,210,700.0,518
1,0,2.6,231,24,43,520,400.0,450
1,0,3.4,102,43,15,663,400.0,85
1,0,3.9,133,1,10,197,800.0,518
1,0,2.8,45,1,15,615,800.0,518
1,0,3.8,75,1,43,344,200.0,518
1,0,4.0,53,34,22,453,600.0,518
1,1,4.2,815,18,15,484,900.0,518
1,1,4.0,633,1,15,484,800.0,518
1,0,3.5,56,18,23,389,400.0,518
1,0,3.9,70,1,23,347,400.0,518
1,0,3.9,91,18,10,196,300.0,518
1,0,3.8,77,24,10,179,650.0,518
1,0,3.8,210,24,15,506,600.0,518
1,0,4.1,130,18,10,217,650.0,518
1,0,3.8,144,1,10,236,700.0,518
1,0,3.7,133,18,15,263,700.0,518
1,0,4.0,136,18,43,654,350.0,173
1,0,3.8,74,3,43,662,300.0,518
1,0,3.7,54,3,10,159,600.0,518
1,0,3.4,58,3,10,193,400.0,518
1,0,3.6,129,1,15,444,600.0,518
1,0,3.5,41,40,29,609,400.0,518
1,0,4.1,176,3,15,28,800.0,518
1,0,3.7,47,18,47,346,400.0,518
1,1,3.7,36,18,15,254,650.0,518
1,1,4.1,442,18,41,293,1200.0,518
1,0,3.8,53,18,43,385,250.0,518
1,0,4.0,232,18,43,649,400.0,518
1,0,3.9,221,18,15,233,700.0,518
1,1,4.1,1063,18,16,405,1200.0,518
1,0,3.7,93,3,43,676,200.0,518
1,0,3.9,233,18,15,412,800.0,518
1,0,3.9,211,18,15,345,500.0,518
1,0,4.0,1778,18,43,592,200.0,7
1,0,3.6,218,45,15,523,800.0,518
1,0,3.7,514,3,10,206,600.0,518
1,1,4.0,866,18,15,532,900.0,518
1,0,3.2,96,24,43,468,400.0,518
1,0,3.5,80,1,43,691,250.0,518
1,0,4.0,73,3,0,78,300.0,309
1,0,3.9,84,18,49,457,400.0,518
1,0,3.5,88,1,43,664,350.0,518
1,0,3.5,179,1,15,487,600.0,518
1,0,3.7,128,43,15,496,450.0,518
1,0,3.8,339,18,43,662,400.0,83
1,0,3.0,213,1,43,583,400.0,518
1,0,3.2,208,18,9,684,250.0,414
1,0,4.0,219,3,10,204,600.0,518
1,0,3.7,59,1,43,596,200.0,518
1,0,3.7,124,24,15,123,750.0,518
1,1,4.1,775,1,15,564,800.0,518
1,1,4.2,2022,18,15,578,1000.0,518
1,1,4.2,150,1,10,210,600.0,146
1,0,4.0,232,3,15,484,750.0,518
1,1,3.5,431,18,15,468,800.0,518
1,1,4.2,2115,1,15,614,800.0,518
1,0,3.8,155,18,15,666,450.0,518
1,1,4.1,666,18,16,21,1000.0,518
1,0,3.9,240,3,10,146,700.0,518
1,0,3.8,918,1,12,222,800.0,518
1,0,4.0,465,18,15,666,600.0,277
1,1,4.1,970,18,35,537,1500.0,518
1,0,3.3,128,1,43,484,300.0,518
1,0,3.6,241,24,43,484,300.0,518
1,0,4.3,734,1,43,666,200.0,326
1,0,3.8,130,18,43,476,400.0,518
1,0,4.2,261,18,10,175,700.0,518
1,0,4.0,191,24,43,667,300.0,19
1,0,4.1,364,3,15,651,550.0,20
1,0,3.9,888,1,15,586,750.0,274
1,0,3.9,750,3,15,523,500.0,343
1,1,4.2,164,1,10,170,500.0,518
1,0,3.8,527,3,15,468,500.0,518
0,0,4.3,345,1,23,387,400.0,518
1,0,3.9,116,1,23,390,400.0,263
1,0,3.8,918,1,12,222,800.0,518
1,0,3.8,144,1,10,236,700.0,518
1,0,4.3,860,1,23,323,500.0,518
0,0,3.8,45,1,52,68,400.0,518
1,0,3.9,70,1,23,347,400.0,518
0,0,4.0,98,3,50,458,400.0,518
1,0,4.0,219,3,10,204,600.0,492
1,0,4.0,73,3,0,78,300.0,309
1,0,2.7,97,3,15,666,400.0,518
1,0,3.9,888,1,15,586,750.0,273
1,1,4.0,349,1,15,629,1200.0,124
1,0,4.2,287,1,43,468,350.0,518
1,1,4.6,2556,1,17,605,600.0,518
1,1,4.2,354,1,15,57,800.0,72
1,1,4.1,775,1,15,564,800.0,518
1,1,4.2,2115,1,15,614,800.0,518
0,1,3.8,977,1,31,361,1300.0,518
0,0,4.1,868,1,38,299,1200.0,518
1,0,4.0,324,1,10,210,700.0,452
1,0,4.1,787,1,15,257,800.0,518
1,0,4.2,504,1,10,223,550.0,104
1,0,4.1,402,1,10,146,500.0,350
1,1,4.2,150,1,10,210,600.0,147
1,1,4.2,164,1,10,170,500.0,212
0,0,4.2,244,1,15,409,800.0,518
1,0,4.0,771,1,15,662,450.0,465
1,0,4.2,1647,1,15,265,600.0,518
0,1,4.0,808,1,15,484,850.0,518
0,0,4.0,424,1,10,171,450.0,518
1,0,3.9,135,1,15,497,800.0,372
1,0,3.8,918,1,12,222,800.0,518
1,0,3.8,90,1,10,146,650.0,518
1,0,3.9,519,1,15,245,900.0,518
1,0,3.6,105,1,15,692,700.0,518
1,0,3.9,133,1,10,197,800.0,136
1,0,3.8,144,1,10,236,700.0,518
0,0,3.9,93,1,10,205,300.0,518
1,0,3.8,42,1,43,662,300.0,296
1,0,2.5,247,1,15,468,500.0,290
1,0,3.0,62,1,10,199,400.0,239
1,0,3.8,160,1,15,484,700.0,409
1,0,3.6,129,1,15,444,600.0,138
0,0,3.3,62,1,4,662,800.0,518
0,0,2.6,283,1,15,468,600.0,518
1,0,3.8,59,1,15,484,750.0,518
1,0,3.5,179,1,15,487,600.0,366
0,0,3.0,98,1,4,484,800.0,518
0,0,2.7,128,1,15,262,850.0,518
1,0,2.8,45,1,15,615,800.0,227
1,0,3.5,41,40,29,609,400.0,518
1,0,3.7,405,1,15,608,750.0,428
1,0,3.9,388,1,15,127,650.0,107
1,0,4.3,734,1,43,666,200.0,482
0,0,4.0,1047,1,43,400,450.0,518
1,0,3.8,505,1,43,139,450.0,75
1,0,3.9,264,1,43,642,200.0,328
1,0,3.9,286,1,43,139,500.0,345
0,0,3.8,70,1,43,339,500.0,518
1,0,3.7,237,1,43,654,200.0,215
1,0,4.1,201,1,43,666,300.0,200
1,0,2.8,506,1,43,544,500.0,518
0,0,4.1,520,1,43,103,300.0,518
0,0,3.7,88,1,43,661,300.0,518
1,0,3.7,136,1,43,625,600.0,98
0,0,3.9,88,1,43,642,250.0,518
0,0,3.8,189,1,43,642,300.0,518
0,0,3.8,39,1,43,650,350.0,518
1,0,3.9,540,1,43,608,800.0,316
0,0,3.6,71,1,43,578,250.0,518
1,0,3.5,88,1,43,664,350.0,116
1,0,3.0,87,1,43,610,600.0,355
1,0,4.2,415,1,43,481,500.0,112
1,0,3.3,128,1,43,484,300.0,197
0,0,3.7,65,1,43,360,300.0,518
0,0,3.5,52,1,43,642,300.0,518
1,0,3.0,290,1,43,492,450.0,9
1,0,3.7,59,1,43,596,200.0,518
0,0,3.7,130,1,43,642,200.0,518
1,0,3.5,80,1,43,691,250.0,430
1,0,3.9,441,1,43,664,400.0,211
1,0,3.6,84,1,43,662,250.0,86
0,0,4.0,42,1,43,672,300.0,518
1,0,3.0,213,1,43,583,400.0,439
0,0,4.2,725,18,43,645,350.0,518
1,0,3.9,750,3,15,523,500.0,342
0,0,3.8,166,3,15,574,600.0,518
0,0,3.9,153,3,15,642,350.0,518
1,0,3.8,469,3,15,487,750.0,189
1,0,4.1,364,3,15,651,550.0,487
1,0,3.8,286,3,15,468,600.0,363
1,0,3.8,527,3,15,468,500.0,52
0,0,3.8,148,3,17,482,550.0,518
0,0,2.7,377,3,38,530,1100.0,518
0,0,3.9,206,3,43,660,450.0,518
0,0,3.9,100,3,43,662,300.0,518
0,0,3.9,133,3,15,399,650.0,518
1,0,4.0,219,3,10,204,600.0,492
0,0,4.2,253,3,43,642,250.0,518
0,0,3.7,61,3,15,133,600.0,518
1,0,3.8,155,30,15,657,400.0,425
1,0,3.9,233,18,15,412,800.0,99
1,0,3.7,264,30,15,490,750.0,361
0,0,4.1,238,3,43,642,600.0,518
1,0,4.1,176,3,15,28,800.0,339
1,0,3.7,93,3,43,676,200.0,180
0,0,3.8,124,3,43,656,300.0,518
1,0,4.0,132,3,43,336,200.0,518
1,0,3.8,74,3,43,662,300.0,446
1,0,3.6,172,43,15,484,700.0,518
1,0,3.9,543,3,43,654,300.0,518
0,0,4.0,52,3,43,642,300.0,518
0,0,3.7,217,3,15,526,450.0,518
0,0,3.9,111,3,15,516,700.0,518
1,0,3.8,133,3,43,677,200.0,464
0,0,3.8,39,18,43,661,250.0,518
0,0,4.0,64,3,43,642,200.0,518
0,0,3.8,55,40,29,258,300.0,518
0,1,3.8,977,1,31,361,1300.0,518
0,0,4.1,868,1,38,299,1200.0,518
0,0,3.3,62,1,4,662,800.0,518
0,0,3.0,98,1,4,484,800.0,518
0,0,2.7,377,3,38,530,1100.0,518
1,1,4.4,2487,2,38,549,900.0,518
1,1,4.2,1964,2,15,38,1000.0,59
1,0,4.3,3178,2,15,572,750.0,297
1,0,3.3,455,2,15,21,550.0,241
0,1,4.7,3845,17,15,541,1600.0,518
0,0,4.3,353,17,15,578,1200.0,518
0,1,4.1,1234,17,15,582,800.0,518
1,1,4.1,1538,17,15,61,1000.0,143
1,1,3.8,756,17,15,468,1000.0,518
1,1,4.0,347,17,15,531,1000.0,518
0,1,4.0,165,17,15,664,1000.0,518
0,0,3.3,177,17,15,497,950.0,518
1,0,3.0,102,0,15,662,600.0,287
0,1,4.0,200,2,10,171,700.0,518
1,0,3.9,102,2,10,157,450.0,500
1,0,3.7,171,2,10,146,300.0,127
1,0,3.7,37,2,10,159,400.0,301
1,0,3.9,40,2,27,198,400.0,70
0,0,3.9,125,2,10,201,500.0,518
1,0,3.9,49,2,10,146,600.0,188
0,0,3.8,69,2,11,156,700.0,518
0,0,3.9,78,2,10,146,350.0,518
1,0,2.7,48,2,46,242,650.0,348
1,0,4.1,46,17,10,228,600.0,467
0,0,4.0,129,17,10,171,600.0,518
1,1,3.9,727,17,10,185,800.0,50
0,0,4.1,521,17,10,180,550.0,518
1,0,4.1,203,17,46,163,650.0,41
1,1,4.4,4381,17,17,605,600.0,233
1,0,3.7,131,17,10,229,400.0,278
1,0,3.7,46,17,10,136,450.0,504
0,0,3.4,48,17,10,193,550.0,518
1,0,3.7,127,17,10,214,700.0,63
1,0,2.7,85,17,10,225,500.0,314
1,0,3.7,335,0,15,27,800.0,518
1,0,3.8,254,0,15,116,800.0,245
1,0,4.1,63,17,52,359,300.0,230
1,0,4.0,244,0,43,81,400.0,518
1,0,2.9,255,0,43,468,250.0,518
1,0,4.5,549,0,23,316,400.0,518
1,0,4.1,775,0,43,666,300.0,518
1,0,3.6,208,17,52,119,300.0,501
1,0,4.1,739,17,22,247,500.0,476
1,0,3.8,310,2,43,468,400.0,121
1,0,4.1,427,2,52,566,500.0,199
1,0,4.0,197,0,43,468,300.0,518
1,0,4.1,601,0,43,611,700.0,491
1,0,3.9,488,17,52,113,400.0,123
1,0,4.0,396,2,43,662,400.0,518
1,0,3.6,474,0,43,506,450.0,518
1,0,2.9,172,0,43,484,300.0,327
1,0,3.1,175,2,43,16,250.0,518
1,0,4.0,939,0,15,244,600.0,518
1,0,3.9,173,0,43,602,250.0,506
1,0,3.9,77,2,43,468,400.0,45
1,0,3.9,326,0,10,483,200.0,518
1,0,3.3,212,17,43,97,350.0,133
1,0,4.1,464,0,43,475,300.0,518
1,0,3.3,628,2,22,375,450.0,421
1,0,3.6,518,17,15,662,400.0,289
1,0,3.9,70,2,23,312,350.0,68
1,0,3.9,62,17,43,141,300.0,118
1,0,4.4,819,18,23,387,400.0,518
1,1,4.2,1964,2,15,38,1000.0,58
1,0,4.0,138,2,22,96,650.0,207
1,0,3.3,455,2,15,21,550.0,240
1,0,3.8,181,2,27,476,600.0,374
1,0,3.6,43,17,43,134,300.0,90
1,0,2.7,159,17,43,604,750.0,428
1,0,3.2,166,2,43,625,600.0,518
1,0,3.7,128,2,52,116,400.0,283
1,0,2.9,126,0,43,247,300.0,65
1,0,4.0,952,18,43,553,400.0,206
1,0,3.8,472,2,43,140,600.0,195
1,1,4.0,739,2,15,125,800.0,303
1,0,3.9,255,0,15,21,500.0,120
1,0,4.0,1974,17,15,124,800.0,481
1,1,4.2,1428,17,15,26,800.0,144
1,0,4.0,332,17,43,662,300.0,518
1,1,4.0,199,17,43,610,700.0,232
1,0,3.9,437,17,43,139,400.0,77
1,0,3.8,207,2,15,98,700.0,106
1,1,4.4,4381,17,17,605,600.0,518
1,0,3.8,55,2,43,662,300.0,518
1,0,4.0,597,2,43,468,400.0,167
1,0,3.0,102,0,15,662,600.0,518
1,0,3.9,189,0,43,108,300.0,129
1,0,3.7,131,17,10,229,400.0,518
1,0,4.2,373,17,15,110,750.0,518
1,0,3.9,435,0,15,79,650.0,307
1,0,4.1,292,0,15,104,700.0,518
1,0,3.6,137,2,43,36,300.0,518
1,0,3.2,133,2,15,488,500.0,518
1,0,3.9,37,17,52,628,250.0,391
1,0,3.7,170,17,43,354,200.0,518
1,0,3.6,794,2,15,120,550.0,426
1,0,4.6,404,2,15,0,1000.0,518
1,1,3.9,561,2,15,468,900.0,518
1,1,3.9,486,0,10,302,700.0,518
1,0,3.9,320,2,15,484,650.0,250
1,0,4.1,237,17,23,325,500.0,262
1,1,3.9,1227,2,15,48,900.0,126
1,0,4.0,95,2,22,453,600.0,510
1,1,4.1,1538,17,15,61,1000.0,247
1,0,3.7,110,2,15,17,800.0,358
1,0,4.1,381,0,43,36,250.0,410
1,0,3.9,251,2,22,481,500.0,113
1,0,3.0,353,17,43,528,400.0,518
1,0,4.0,205,17,22,476,450.0,214
1,0,3.9,183,0,43,358,250.0,478
1,0,3.9,99,2,23,387,400.0,518
1,0,4.1,260,17,43,468,300.0,518
1,0,3.9,355,0,43,484,400.0,518
1,0,4.1,83,0,43,350,400.0,518
1,0,2.5,321,17,43,508,400.0,347
1,0,3.9,362,0,15,468,600.0,518
1,1,4.2,2166,17,41,5,1200.0,185
1,0,4.0,182,17,49,457,400.0,518
1,1,3.8,500,2,15,589,1000.0,518
1,0,4.0,532,2,15,266,800.0,518
1,1,3.5,551,2,15,507,600.0,518
1,0,4.2,421,2,15,262,700.0,518
1,0,3.7,662,17,15,80,650.0,518
1,0,3.8,54,2,43,128,500.0,382
1,0,4.1,92,0,43,238,300.0,105
1,0,3.7,36,17,22,116,600.0,82
1,0,4.2,2350,17,15,468,800.0,518
1,0,3.9,49,2,10,146,600.0,518
1,0,3.7,184,0,43,352,400.0,518
1,1,3.6,225,2,15,120,700.0,441
1,0,4.0,35,0,24,317,300.0,62
1,0,4.0,869,0,22,104,500.0,134
1,0,4.0,153,17,43,678,200.0,518
1,0,3.7,139,2,43,519,400.0,518
1,0,3.7,181,2,22,116,500.0,518
1,0,3.9,669,0,15,468,500.0,442
1,0,3.7,168,2,43,451,600.0,518
1,0,3.8,170,2,43,514,250.0,518
1,0,4.0,112,17,43,683,200.0,518
1,0,3.8,58,0,43,82,300.0,385
1,0,4.0,167,18,43,662,400.0,518
1,0,3.9,85,17,43,619,300.0,518
1,0,2.6,473,0,43,410,600.0,100
1,0,3.7,217,17,15,582,500.0,518
1,0,3.6,192,0,22,372,450.0,518
1,1,4.2,611,0,16,55,1500.0,187
1,0,4.0,166,2,22,604,750.0,177
1,0,4.1,46,17,10,228,600.0,518
1,1,4.4,2233,2,16,310,1200.0,518
1,0,4.0,107,0,43,468,300.0,518
1,0,4.2,306,0,22,423,600.0,518
1,1,3.8,756,17,15,468,1000.0,518
1,1,4.4,4309,17,34,274,1600.0,518
1,0,4.0,212,2,43,468,400.0,518
1,0,2.9,153,2,43,79,600.0,518
1,0,4.0,827,0,15,619,500.0,518
1,0,4.0,256,2,43,139,500.0,518
1,0,3.9,40,2,27,198,400.0,518
1,0,3.9,73,2,52,658,400.0,518
1,0,4.2,169,17,10,161,600.0,518
1,0,4.1,586,17,15,244,700.0,518
1,0,3.5,221,0,50,455,400.0,518
1,0,3.5,177,0,43,82,500.0,518
1,0,3.9,347,17,15,265,600.0,518
1,0,3.0,347,2,43,608,800.0,317
1,0,3.9,385,17,43,610,600.0,518
1,0,4.0,1305,17,15,274,750.0,518
1,0,3.0,122,2,15,265,500.0,518
1,0,4.3,539,17,43,271,300.0,518
1,1,3.9,681,2,15,522,800.0,518
1,0,3.8,106,17,22,132,350.0,518
1,1,4.1,1025,2,15,468,1000.0,518
1,0,3.6,132,2,9,684,250.0,518
1,0,4.2,289,2,43,2,400.0,518
1,0,3.9,407,17,15,484,500.0,518
1,0,3.9,201,2,43,484,250.0,518
1,0,3.7,37,2,10,159,400.0,518
1,0,4.1,203,17,46,163,650.0,41
1,0,3.1,320,17,15,563,600.0,518
1,1,3.8,257,2,15,30,800.0,518
1,0,3.8,46,17,43,604,450.0,518
1,0,3.9,102,2,10,157,450.0,518
1,1,4.2,237,17,17,155,600.0,518
1,0,3.7,108,2,43,439,600.0,518
1,0,3.9,34,17,15,444,750.0,518
1,0,3.2,144,2,43,494,350.0,244
1,1,4.2,1028,17,16,268,1100.0,518
1,0,3.8,84,2,22,15,600.0,392
1,0,4.0,181,17,15,491,550.0,518
1,0,4.0,128,0,23,383,230.0,331
1,0,3.8,171,17,43,468,250.0,518
1,0,3.9,200,17,43,440,400.0,518
1,0,3.0,114,2,15,233,1000.0,518
1,0,3.8,146,17,15,233,600.0,518
1,0,4.2,248,0,24,86,500.0,46
1,1,4.1,583,17,16,290,1200.0,518
1,0,3.7,42,17,43,484,500.0,518
1,0,3.7,171,2,10,146,300.0,518
1,0,3.7,79,17,43,341,500.0,518
1,0,3.7,46,17,10,136,450.0,518
0,0,4.2,1278,2,15,17,800.0,518
1,0,3.4,276,0,47,599,250.0,518
1,0,3.1,64,17,15,646,750.0,518
1,0,4.0,69,0,23,316,300.0,518
1,0,3.7,288,24,43,484,500.0,360
1,0,4.3,676,2,30,315,500.0,518
1,0,4.0,65,17,6,90,600.0,457
1,1,4.1,448,17,15,295,700.0,518
1,0,4.0,203,0,11,156,500.0,518
1,0,3.1,166,2,43,495,600.0,518
1,1,4.1,1320,17,15,497,1200.0,518
1,0,4.0,116,17,15,262,400.0,518
1,0,4.4,288,2,9,90,400.0,518
1,0,2.7,85,17,10,225,500.0,518
1,0,3.9,124,0,43,484,400.0,518
1,0,3.6,323,2,27,610,800.0,518
1,0,3.7,51,2,43,468,300.0,518
1,0,4.2,229,17,15,532,1000.0,518
1,0,2.8,102,2,43,484,350.0,518
1,0,3.9,42,17,23,336,250.0,518
1,0,3.9,239,17,23,323,500.0,518
1,0,3.7,55,17,43,674,200.0,518
1,0,3.9,178,17,23,312,400.0,518
1,0,3.4,224,2,43,430,400.0,518
1,0,3.9,199,0,43,596,300.0,518
1,1,4.0,1010,17,39,362,1300.0,518
1,1,3.8,72,17,43,622,400.0,518
0,1,4.1,1000,2,16,21,800.0,518
1,0,3.8,613,0,10,216,600.0,518
1,0,2.9,42,0,43,585,250.0,518
1,0,3.7,194,0,43,468,400.0,518
1,0,3.7,158,18,15,105,700.0,518
1,1,4.1,1403,17,20,532,1100.0,109
1,0,3.9,153,17,27,190,400.0,518
1,1,2.9,90,2,15,595,800.0,518
1,0,3.1,140,0,15,477,600.0,518
1,0,4.1,463,0,10,152,500.0,518
1,0,4.2,384,2,52,604,600.0,422
0,0,4.0,177,2,43,452,400.0,518
1,0,3.6,70,0,43,512,350.0,243
1,1,4.0,790,17,15,296,1300.0,518
1,0,3.9,92,17,43,669,300.0,518
0,0,4.1,131,2,49,457,400.0,518
1,0,3.8,89,17,23,388,400.0,518
1,0,3.0,57,18,43,543,400.0,518
1,0,3.8,92,2,27,288,1100.0,518
1,0,3.0,57,17,15,262,650.0,518
1,0,4.3,133,17,22,70,300.0,518
0,0,4.0,164,2,0,314,250.0,518
1,0,3.9,161,17,22,488,500.0,341
1,0,4.0,308,18,10,174,750.0,518
1,0,2.6,208,17,15,261,650.0,518
1,0,3.4,116,2,15,582,400.0,518
1,0,2.7,48,2,46,242,650.0,518
1,0,3.7,127,17,10,214,700.0,518
1,1,3.9,727,17,10,185,800.0,518
0,0,3.9,125,2,10,201,500.0,518
1,0,2.6,170,2,15,398,600.0,518
0,0,3.8,89,2,15,484,550.0,518
1,0,4.0,507,17,14,208,1000.0,518
1,0,3.8,254,0,15,233,550.0,518
1,0,2.8,334,2,15,484,500.0,518
0,0,3.8,69,2,11,156,700.0,518
1,1,4.1,842,17,16,641,1100.0,237
1,0,4.0,88,17,0,70,500.0,518
1,0,3.5,283,0,43,83,350.0,518
1,1,4.1,293,17,15,381,500.0,518
0,0,2.9,106,2,15,484,450.0,518
1,0,3.0,61,0,10,146,650.0,518
0,0,2.8,80,2,15,19,650.0,518
1,1,4.0,347,17,15,531,1000.0,518
1,0,3.4,186,2,15,667,450.0,518
0,0,4.0,93,2,52,70,800.0,518
0,0,2.4,183,2,22,468,450.0,518
0,0,2.9,85,2,43,672,250.0,518
0,0,3.4,66,2,15,256,800.0,518
0,0,2.9,58,2,43,82,250.0,518
0,0,3.6,162,2,15,484,500.0,518
0,0,2.7,67,2,27,596,300.0,518
0,0,2.2,90,2,15,484,750.0,518
0,0,2.4,96,2,15,530,500.0,518
1,0,4.0,101,2,15,437,500.0,518
1,1,3.8,560,17,15,468,800.0,518
1,0,3.7,243,17,15,120,450.0,518
1,0,3.2,148,2,43,642,250.0,518
0,0,2.3,291,2,15,668,250.0,518
1,1,3.9,1337,2,31,3,1700.0,518
0,0,4.0,65,2,23,387,200.0,518
1,0,3.6,43,17,15,251,600.0,518
1,0,3.7,46,0,15,468,400.0,242
1,1,4.4,2487,2,38,549,900.0,518
1,0,3.2,66,2,15,484,600.0,518
0,1,4.1,1187,17,20,399,1200.0,518
0,0,4.3,353,17,15,578,1200.0,518
0,1,4.2,1212,17,15,619,1200.0,518
1,0,3.7,115,0,15,247,550.0,518
1,0,4.1,952,17,15,671,400.0,518
0,0,3.8,915,17,15,468,600.0,518
1,0,3.7,135,0,15,484,500.0,518
0,1,4.1,466,17,15,432,700.0,518
0,0,3.8,115,17,43,488,350.0,518
0,0,3.9,61,17,52,426,400.0,518
0,0,3.9,86,17,23,383,250.0,518
0,0,4.0,193,17,15,647,500.0,518
0,0,3.8,82,17,32,607,1000.0,518
0,0,3.9,115,17,43,642,200.0,518
0,0,3.7,28,0,15,484,500.0,518
0,0,3.2,63,17,3,76,600.0,518
0,0,3.1,44,0,22,484,500.0,518
0,0,3.5,65,17,15,579,750.0,518
0,0,2.7,76,0,43,484,500.0,518
0,0,2.6,75,0,43,590,400.0,518
0,0,3.0,55,17,15,27,800.0,518
0,0,3.7,48,17,15,545,800.0,518
0,0,2.9,39,17,52,351,500.0,518
1,0,3.9,193,17,15,662,400.0,518
1,0,3.9,63,2,43,617,200.0,518
1,0,3.8,186,17,10,148,500.0,518
1,0,3.3,28,2,52,116,400.0,518
0,0,4.0,102,2,0,68,400.0,518
0,0,4.1,131,2,49,457,400.0,518
0,0,4.0,164,2,0,314,250.0,518
1,0,3.9,102,2,10,157,450.0,518
1,0,3.9,70,2,23,312,350.0,518
1,0,3.9,188,2,23,390,400.0,518
0,0,3.8,46,2,26,391,300.0,518
1,0,4.4,677,2,30,315,500.0,518
1,0,3.9,40,2,27,198,400.0,518
1,0,3.9,99,2,23,387,400.0,518
0,0,4.0,93,2,52,70,800.0,518
0,0,3.8,69,2,11,156,700.0,518
1,0,4.1,41,2,22,70,500.0,518
0,0,4.0,65,2,23,387,200.0,518
1,1,4.1,448,17,15,295,700.0,518
1,0,4.1,46,17,10,228,600.0,518
1,0,4.3,132,17,22,70,300.0,518
1,0,4.1,237,17,23,325,500.0,518
1,0,3.9,239,17,23,323,500.0,518
0,0,4.1,521,17,10,180,550.0,518
0,0,4.0,319,17,23,316,500.0,518
1,0,3.8,89,17,23,388,400.0,518
0,0,3.2,63,17,3,76,600.0,518
0,0,2.9,231,17,23,327,800.0,518
1,0,3.6,796,2,15,120,550.0,518
1,1,3.8,500,2,15,589,1000.0,518
1,1,3.9,681,2,15,522,800.0,518
1,0,3.8,207,2,15,98,700.0,518
1,0,4.0,532,2,15,266,800.0,518
1,0,4.2,421,2,15,262,700.0,518
1,0,3.9,319,2,15,484,650.0,518
1,1,4.1,1025,2,15,468,1000.0,518
1,1,3.6,225,2,15,120,700.0,518
0,1,4.0,200,2,10,171,700.0,518
1,1,4.0,739,2,15,125,800.0,518
0,0,3.8,149,2,15,429,400.0,518
1,0,3.9,102,2,10,157,450.0,518
1,0,3.7,110,2,15,17,800.0,518
1,0,3.7,171,2,10,146,300.0,518
1,0,3.7,37,2,10,159,400.0,518
1,1,3.9,1227,2,15,48,900.0,518
0,0,3.9,124,2,10,201,500.0,518
1,0,2.8,335,2,15,484,500.0,518
1,0,3.9,49,2,10,146,600.0,518
0,0,3.8,89,2,15,484,550.0,518
1,0,2.7,425,2,15,666,400.0,518
1,0,4.0,101,2,15,437,500.0,518
1,0,3.2,133,2,15,488,500.0,518
0,0,2.7,160,2,15,262,850.0,518
1,0,3.4,186,2,15,667,450.0,518
0,0,3.8,69,2,11,156,700.0,518
1,0,4.4,288,2,9,90,400.0,518
1,1,3.5,551,2,15,507,600.0,518
1,0,3.0,122,2,15,265,500.0,518
0,0,2.9,106,2,15,484,450.0,518
0,1,2.9,200,2,15,261,1000.0,518
1,0,3.2,66,2,15,484,600.0,518
0,0,2.8,80,2,15,19,650.0,518
1,0,2.6,170,2,15,398,600.0,518
0,0,3.4,66,2,15,256,800.0,518
0,0,3.6,162,2,15,484,500.0,518
1,1,2.9,90,2,15,595,800.0,518
0,0,2.2,90,2,15,484,750.0,518
0,0,2.4,96,2,15,530,500.0,518
1,0,3.4,116,2,15,582,400.0,518
1,0,3.6,132,2,9,684,250.0,518
1,0,3.8,55,2,43,662,300.0,518
1,0,3.0,114,2,15,233,1000.0,518
0,0,2.3,291,2,15,668,250.0,518
1,1,3.8,257,2,15,30,800.0,518
1,0,4.0,398,2,43,662,400.0,518
0,0,4.0,177,2,43,452,400.0,518
1,0,4.0,256,2,43,139,500.0,518
1,0,3.9,78,2,43,468,400.0,518
1,0,3.8,312,2,43,468,400.0,518
1,0,3.7,168,2,43,451,600.0,518
0,0,4.1,315,2,43,539,500.0,518
1,0,3.7,108,2,43,439,600.0,518
1,0,3.7,314,2,43,608,800.0,518
1,0,3.9,188,2,23,390,400.0,518
1,0,3.7,139,2,43,519,400.0,518
1,0,3.8,472,2,43,140,600.0,518
1,0,3.8,369,2,43,139,400.0,518
0,0,3.8,46,2,26,391,300.0,518
0,0,3.3,50,2,27,233,400.0,518
1,0,3.9,201,2,43,484,250.0,518
1,0,4.2,289,2,43,2,400.0,518
1,0,3.2,144,2,43,494,350.0,518
1,0,3.4,224,2,43,430,400.0,518
1,0,3.1,166,2,43,495,600.0,518
1,0,3.2,167,2,43,625,600.0,518
1,0,4.0,597,2,43,468,400.0,518
1,0,3.8,56,2,43,128,500.0,518
1,0,3.6,137,2,43,36,300.0,518
1,0,3.9,114,2,43,481,500.0,518
1,0,3.9,75,2,43,596,200.0,518
1,0,3.2,148,2,43,642,250.0,518
1,0,2.4,204,2,43,604,750.0,518
1,0,2.9,153,2,43,79,600.0,518
1,0,3.9,63,2,43,617,200.0,518
1,0,2.7,48,2,46,242,650.0,518
1,0,3.8,170,2,43,514,250.0,518
1,0,3.8,92,2,27,288,1100.0,518
1,0,2.8,102,2,43,484,350.0,518
0,0,3.5,56,2,43,661,400.0,518
0,0,2.9,85,2,43,672,250.0,518
0,0,2.9,58,2,43,82,250.0,518
1,0,3.7,51,2,43,468,300.0,518
1,0,4.0,212,2,43,468,400.0,518
1,0,3.8,182,2,27,476,600.0,518
1,0,2.4,158,2,43,484,300.0,518
1,0,3.6,323,2,27,610,800.0,518
1,0,3.1,175,2,43,16,250.0,518
0,0,4.5,2781,17,16,472,1200.0,518
0,1,4.7,3844,17,15,541,1600.0,518
0,0,4.3,353,17,15,578,1200.0,518
1,1,4.4,4312,17,34,274,1600.0,518
0,1,4.3,1196,17,5,331,1500.0,518
0,1,4.6,311,17,15,588,1300.0,518
0,1,4.2,1212,17,15,619,1200.0,518
0,1,4.1,1235,17,15,582,800.0,518
0,1,3.9,1763,17,4,367,1300.0,518
1,1,4.1,1538,17,15,61,1000.0,518
1,0,4.1,954,17,15,671,400.0,518
1,1,4.1,585,17,16,290,1200.0,518
1,0,4.2,374,17,15,110,750.0,518
1,1,4.2,1028,17,16,268,1100.0,518
1,1,4.1,448,17,15,295,700.0,518
0,1,4.1,1187,17,20,399,1200.0,518
1,0,4.0,180,17,15,491,550.0,518
1,1,4.0,1010,17,39,362,1300.0,518
1,0,4.2,230,17,15,532,1000.0,518
1,1,4.1,842,17,16,641,1100.0,518
1,1,4.1,1320,17,15,497,1200.0,518
1,1,4.0,790,17,15,296,1300.0,518
0,0,3.8,915,17,15,468,600.0,518
1,1,3.8,756,17,15,468,1000.0,518
1,0,3.9,34,17,15,444,750.0,518
1,1,4.0,347,17,15,531,1000.0,518
1,1,4.1,293,17,15,381,500.0,518
1,0,3.9,347,17,15,265,600.0,518
1,0,4.1,587,17,15,244,700.0,518
1,0,4.0,1306,17,15,274,750.0,518
0,1,4.1,466,17,15,432,700.0,518
0,0,4.0,129,17,43,662,300.0,518
1,0,3.7,217,17,15,582,500.0,518
0,0,3.8,115,17,43,488,350.0,518
0,0,3.8,59,17,15,582,400.0,518
0,0,3.7,535,17,15,535,950.0,518
0,0,3.8,228,17,43,513,400.0,518
1,0,3.9,178,17,15,662,450.0,518
1,1,3.9,727,17,10,185,800.0,518
1,0,3.7,243,17,15,120,450.0,518
0,0,4.1,521,17,10,180,550.0,518
0,0,2.9,51,17,15,596,600.0,518
1,1,4.4,4381,17,17,605,600.0,518
0,0,4.0,193,17,15,647,500.0,518
0,0,3.8,177,17,43,556,400.0,518
0,1,3.9,165,17,15,664,1000.0,518
0,0,3.4,97,17,16,648,1100.0,518
1,0,3.7,132,17,10,229,400.0,518
0,0,3.8,82,17,32,607,1000.0,518
1,0,3.9,407,17,15,484,500.0,518
1,0,3.8,46,17,10,136,450.0,518
0,0,3.3,177,17,15,497,950.0,518
1,0,3.8,146,17,15,233,600.0,518
1,0,3.1,320,17,15,563,600.0,518
0,0,3.4,48,17,10,193,550.0,518
0,0,2.3,175,17,15,468,450.0,518
1,0,3.1,64,17,15,646,750.0,518
0,0,3.5,65,17,15,579,750.0,518
0,0,3.0,55,17,15,27,800.0,518
0,0,3.7,48,17,15,545,800.0,518
1,0,3.0,57,17,15,262,650.0,518
1,0,3.7,127,17,10,214,700.0,518
1,0,2.5,321,17,43,508,400.0,518
1,0,3.9,92,17,43,669,300.0,518
0,0,3.9,115,17,43,642,200.0,518
1,0,3.9,386,17,43,610,600.0,518
1,0,3.3,212,17,43,97,350.0,518
0,0,2.9,231,17,23,327,800.0,518
1,0,3.9,62,17,43,141,300.0,518
1,1,4.1,612,0,16,55,1500.0,518
1,0,4.0,827,0,15,619,500.0,518
1,0,3.9,362,0,15,468,600.0,518
1,0,3.7,135,0,15,484,500.0,518
1,0,4.0,244,0,43,81,400.0,518
1,0,3.0,102,0,15,662,600.0,518
1,0,3.7,115,0,15,247,550.0,518
1,0,4.2,465,0,43,475,300.0,518
1,0,3.9,173,0,43,602,250.0,518
1,0,4.1,83,0,43,350,400.0,518
1,0,4.0,107,0,43,468,300.0,518
0,0,3.7,28,0,15,484,500.0,518
1,0,3.7,194,0,43,468,400.0,518
0,0,2.7,76,0,43,484,500.0,518
0,0,2.6,75,0,43,590,400.0,518
1,0,2.9,126,0,43,247,300.0,518
1,0,3.9,435,0,15,79,650.0,518
1,0,2.9,255,0,43,468,250.0,518
1,1,4.4,2488,2,38,549,900.0,518
1,1,4.4,2237,2,16,310,1200.0,518
1,1,3.9,1337,2,31,3,1700.0,518
1,1,3.9,681,2,15,522,800.0,518
0,0,4.5,2781,17,16,472,1200.0,518
1,1,4.4,4312,17,34,274,1600.0,518
0,1,3.9,1763,17,4,367,1300.0,518
1,1,4.1,585,17,16,290,1200.0,518
0,1,4.1,1187,17,20,399,1200.0,518
1,1,4.0,1010,17,39,362,1300.0,518
1,1,4.1,842,17,16,641,1100.0,518
0,0,3.4,97,17,16,648,1100.0,518
1,1,4.1,612,0,16,55,1500.0,518
1,1,4.2,2022,18,15,578,1000.0,518
0,0,3.8,166,3,15,574,600.0,518
1,0,3.8,286,3,15,468,600.0,518
0,1,4.1,2303,18,15,484,950.0,518
1,1,4.1,2339,18,15,486,1500.0,518
1,0,4.4,4884,18,15,572,750.0,220
1,1,4.1,775,1,15,564,800.0,518
1,0,3.8,918,1,12,222,800.0,174
1,0,3.8,74,46,15,286,1000.0,418
1,0,4.1,139,18,15,523,550.0,518
0,1,3.8,176,18,15,469,1350.0,518
1,1,3.8,584,18,15,561,1200.0,518
0,1,4.3,633,18,12,184,800.0,518
0,1,4.1,102,18,10,169,800.0,518
1,1,4.6,1755,3,17,605,600.0,518
1,0,3.9,240,3,10,146,700.0,518
0,0,3.8,148,3,17,482,550.0,518
1,0,4.0,219,3,10,204,600.0,518
1,0,4.1,216,3,10,176,500.0,518
1,0,3.7,514,3,10,206,600.0,518
1,0,3.4,58,3,10,193,400.0,518
1,1,4.3,1252,18,17,374,800.0,518
0,0,4.2,704,18,10,146,500.0,518
1,0,4.1,796,18,10,194,400.0,518
0,1,4.2,731,18,10,177,800.0,518
0,0,4.2,223,18,10,227,800.0,518
0,0,4.1,707,18,10,200,850.0,518
1,0,4.2,261,18,10,175,700.0,518
1,1,4.2,150,1,10,210,600.0,147
1,1,4.2,1901,18,10,189,800.0,518
1,0,4.0,324,1,10,210,700.0,518
1,0,4.6,228,18,10,159,400.0,518
1,0,4.2,504,1,10,223,550.0,518
1,0,4.1,130,18,10,217,650.0,518
1,0,3.8,918,1,12,222,800.0,518
1,0,3.8,90,1,10,146,650.0,518
1,0,3.8,144,1,10,236,700.0,518
0,0,3.8,46,18,10,146,400.0,518
1,1,3.9,291,18,10,164,650.0,518
0,0,3.2,59,18,12,193,550.0,518
1,0,2.9,62,18,46,241,650.0,518
1,0,2.6,157,18,10,154,450.0,518
0,0,3.7,168,18,10,194,400.0,518
1,0,3.9,627,1,22,375,450.0,201
1,0,4.1,414,18,43,145,500.0,518
1,0,4.2,95,18,8,88,400.0,518
1,0,4.4,4884,18,15,572,750.0,518
1,0,4.0,771,1,15,662,450.0,518
1,0,4.2,64,3,43,627,500.0,518
1,0,4.1,233,3,43,676,200.0,518
1,0,3.8,505,1,43,139,450.0,75
1,0,4.1,201,1,43,666,300.0,498
1,0,4.0,774,21,15,99,800.0,518
1,0,3.7,125,17,43,473,250.0,518
1,0,3.8,540,3,15,552,650.0,518
1,0,3.7,176,3,43,625,600.0,518
1,0,3.6,91,17,52,126,500.0,518
1,0,3.8,133,3,43,677,200.0,464
1,1,4.2,354,1,15,57,800.0,72
1,0,3.6,518,17,15,662,400.0,518
1,0,4.2,504,1,10,223,550.0,104
1,0,4.1,1720,3,43,553,400.0,518
1,0,3.9,55,0,43,96,300.0,518
1,0,3.2,395,18,43,484,300.0,518
1,0,4.0,332,17,43,662,300.0,518
1,0,4.0,1975,17,15,124,800.0,518
1,0,4.0,618,18,15,121,750.0,518
1,0,3.3,261,38,15,484,500.0,518
1,0,4.0,253,18,23,316,300.0,518
1,0,3.9,750,3,15,523,500.0,518
1,1,4.6,2556,1,17,605,600.0,518
1,0,3.9,210,18,8,319,400.0,518
1,0,3.8,71,3,23,390,400.0,518
1,0,3.9,230,1,22,96,650.0,209
1,0,4.3,630,18,43,598,200.0,518
1,1,4.1,175,18,15,663,500.0,518
1,0,3.9,441,1,43,664,400.0,518
1,1,4.1,2723,0,15,125,800.0,518
1,0,3.8,693,1,15,608,750.0,518
1,0,4.4,4401,18,15,120,600.0,518
1,0,3.9,172,1,22,604,750.0,229
1,0,3.9,319,2,15,484,650.0,518
1,0,3.7,170,17,43,354,200.0,518
1,0,3.2,208,18,9,684,250.0,518
1,0,4.1,163,3,43,289,500.0,518
1,0,3.7,97,18,43,564,350.0,518
1,0,4.2,415,1,43,481,500.0,111
1,1,3.9,291,18,10,164,650.0,518
1,0,4.2,1647,1,15,265,600.0,518
1,1,4.1,364,18,15,689,1200.0,518
1,0,3.5,80,1,43,691,250.0,518
1,0,3.9,264,1,43,642,200.0,518
1,0,4.0,166,18,43,662,400.0,518
1,0,3.9,134,18,43,682,400.0,518
1,0,4.1,364,3,15,651,550.0,518
1,0,4.2,449,18,10,162,400.0,518
1,0,3.9,56,3,23,316,400.0,518
1,0,3.9,148,18,43,457,400.0,518
1,0,4.0,53,1,22,453,600.0,159
1,1,4.2,2115,1,15,614,800.0,518
1,0,3.9,67,18,43,336,200.0,518
1,0,4.2,287,1,43,468,350.0,518
1,0,3.6,84,1,43,662,250.0,518
1,1,4.2,2171,17,41,5,1200.0,518
1,1,4.2,1428,17,15,26,800.0,518
1,0,3.7,93,3,43,676,200.0,180
1,1,3.9,1227,2,15,48,900.0,518
1,0,4.1,164,18,43,108,400.0,518
1,0,3.8,577,18,15,580,900.0,55
1,1,4.2,166,18,15,376,800.0,390
1,0,3.9,104,18,43,336,200.0,474
1,0,4.5,155,18,6,92,300.0,518
1,1,4.2,3227,0,19,468,1600.0,518
1,0,2.8,109,38,15,270,500.0,518
1,0,3.7,662,17,15,80,650.0,40
1,1,4.5,784,0,15,304,800.0,518
1,0,3.0,73,38,15,468,500.0,472
1,0,3.9,85,17,43,619,300.0,298
1,0,4.3,659,18,23,70,500.0,518
1,0,3.8,152,18,23,316,350.0,518
1,0,4.1,337,18,43,240,300.0,518
1,0,4.2,191,3,43,677,250.0,397
1,0,4.0,108,18,43,144,500.0,518
1,0,4.1,438,18,23,325,500.0,518
1,0,3.9,49,18,43,661,200.0,518
1,0,3.6,276,3,43,139,500.0,518
1,1,4.2,1539,0,15,427,800.0,518
1,1,4.1,1063,18,16,405,1200.0,518
1,0,3.6,195,18,15,260,800.0,518
1,0,3.9,211,18,15,345,500.0,518
1,0,4.3,860,1,23,323,500.0,518
1,0,4.2,289,2,43,2,400.0,518
1,0,4.2,146,1,6,89,400.0,518
1,0,4.2,169,17,10,161,600.0,518
1,0,3.9,134,18,43,357,350.0,518
1,0,3.9,113,38,43,353,250.0,518
1,0,3.9,91,18,43,93,200.0,518
1,0,3.7,237,1,43,654,200.0,518
1,1,3.8,197,18,38,237,1000.0,518
1,0,3.9,133,1,10,197,800.0,518
1,0,4.0,90,17,0,70,500.0,518
1,1,4.3,1252,18,17,374,800.0,518
1,0,4.1,796,18,10,194,400.0,518
1,0,3.8,918,1,12,222,800.0,518
1,0,3.8,155,18,15,666,450.0,518
1,0,3.9,240,3,10,146,700.0,518
1,0,3.6,41,0,10,179,700.0,518
1,0,3.7,217,46,43,608,800.0,320
1,0,4.0,73,3,0,78,300.0,518
1,0,4.1,192,18,23,323,300.0,518
1,0,3.8,53,18,43,385,250.0,518
1,0,3.8,242,18,15,442,650.0,518
1,0,4.0,465,18,15,666,600.0,518
1,0,4.0,324,1,10,210,700.0,518
1,0,2.6,307,38,15,462,700.0,518
1,0,3.7,47,18,47,346,400.0,518
1,1,4.2,150,1,10,210,600.0,518
1,0,3.0,290,1,43,492,450.0,518
1,0,4.4,356,18,23,316,400.0,518
1,0,4.2,249,18,23,316,300.0,518
1,0,3.8,82,0,43,142,1000.0,518
1,0,3.9,91,18,10,196,300.0,518
1,0,3.8,164,3,43,610,600.0,518
1,0,3.5,179,1,15,487,600.0,518
1,0,3.9,153,17,27,190,400.0,518
1,0,3.5,79,18,15,29,600.0,518
1,0,4.0,197,1,23,312,300.0,518
1,1,4.3,1129,18,15,414,1300.0,518
1,0,4.0,89,18,43,644,200.0,518
1,0,2.8,45,1,15,615,800.0,518
1,0,3.7,54,3,10,159,600.0,518
1,1,4.1,442,18,41,293,1200.0,518
1,0,4.4,659,18,9,90,600.0,518
1,0,4.2,261,18,10,175,700.0,518
1,0,4.1,176,3,15,28,800.0,339
1,0,3.8,75,1,43,344,200.0,33
1,1,4.5,1872,0,10,178,900.0,518
1,0,3.6,105,1,15,692,700.0,499
1,0,3.8,74,3,43,662,300.0,447
1,0,4.0,136,18,43,654,350.0,518
1,0,3.7,71,18,15,488,450.0,518
1,0,3.9,178,17,23,312,400.0,169
1,0,3.9,233,18,15,412,800.0,518
1,0,2.7,97,3,15,657,400.0,518
1,0,3.8,144,1,10,236,700.0,518
1,0,2.8,137,0,43,596,300.0,518
1,1,4.1,970,18,35,537,1500.0,518
1,0,3.9,135,1,15,497,800.0,518
1,0,3.7,514,3,10,206,600.0,518
1,0,3.9,914,17,4,518,1000.0,518
1,0,2.9,177,18,15,489,700.0,518
1,0,3.9,157,46,15,484,450.0,518
1,0,3.9,70,1,23,347,400.0,518
1,0,3.9,247,18,10,181,400.0,518
1,0,3.6,62,1,46,404,600.0,518
1,0,3.0,57,18,43,543,400.0,518
1,0,4.1,204,18,23,387,300.0,518
1,0,3.9,519,1,15,245,900.0,518
1,0,4.1,119,17,15,616,800.0,518
1,0,4.1,130,18,10,217,650.0,518
1,0,2.6,208,17,15,261,650.0,518
1,1,4.0,349,1,15,629,1200.0,124
1,0,3.3,128,1,43,484,300.0,518
1,0,4.0,1778,18,43,592,200.0,518
0,0,4.1,279,3,43,360,200.0,518
1,0,3.8,469,3,15,487,750.0,518
1,0,4.3,322,18,15,642,400.0,518
1,0,3.8,90,1,10,146,650.0,518
1,0,3.6,81,38,15,484,500.0,511
1,0,3.9,214,0,15,506,400.0,518
1,0,3.5,56,18,23,389,400.0,518
1,0,2.6,157,18,10,154,450.0,518
1,1,4.1,553,18,15,406,900.0,518
1,0,3.9,126,18,43,662,400.0,190
1,1,4.1,1403,17,20,532,1100.0,518
1,0,3.0,213,1,43,583,400.0,518
1,0,2.8,102,2,43,484,350.0,518
1,0,3.7,178,0,43,484,400.0,518
1,0,3.8,527,3,15,468,500.0,518
1,0,4.6,228,18,10,159,400.0,518
1,0,3.7,158,18,15,105,700.0,518
1,0,4.0,308,18,10,174,750.0,518
0,0,3.8,148,3,17,482,550.0,518
1,0,3.9,388,1,15,127,650.0,518
1,0,3.8,70,18,43,596,200.0,518
1,0,3.8,42,1,43,662,300.0,518
1,0,3.9,144,18,15,519,550.0,311
1,0,3.6,34,17,23,387,300.0,518
1,0,4.0,507,17,14,208,1000.0,518
1,0,3.7,133,18,15,263,700.0,379
1,1,3.9,886,17,15,468,900.0,518
1,0,3.6,129,1,15,444,600.0,518
1,0,3.8,74,46,15,286,1000.0,418
1,0,4.1,216,3,10,176,500.0,518
1,0,4.4,181,18,6,94,250.0,518
1,0,3.9,888,1,15,586,750.0,518
1,0,3.9,84,18,49,457,400.0,518
1,0,3.8,160,1,15,484,700.0,518
1,1,4.2,1901,18,10,189,800.0,518
1,0,3.9,314,18,43,680,300.0,518
1,0,3.6,143,18,15,646,750.0,518
1,0,3.8,286,3,15,468,600.0,518
1,0,4.1,739,17,22,247,500.0,518
1,0,2.5,35,3,43,336,200.0,518
1,1,4.2,237,17,17,155,600.0,518
1,1,4.1,1875,18,15,470,1200.0,518
1,1,3.8,361,18,15,122,600.0,518
1,1,4.3,548,38,15,248,1200.0,518
1,0,4.1,787,1,15,257,800.0,299
0,0,4.1,428,3,15,596,1000.0,518
1,0,4.2,2353,17,15,468,800.0,518
1,0,2.5,247,1,15,468,500.0,518
0,0,3.7,217,3,15,526,450.0,518
1,1,4.3,881,18,15,244,1700.0,518
1,0,4.0,232,18,43,649,400.0,518
1,0,4.0,116,17,15,262,400.0,518
1,0,2.6,72,3,43,662,300.0,518
0,0,3.9,206,3,43,660,450.0,518
1,0,3.4,58,3,10,193,400.0,518
1,0,3.9,221,18,15,233,700.0,518
1,1,4.1,775,1,15,564,800.0,518
1,1,3.5,431,18,15,468,800.0,518
1,1,3.8,584,18,15,561,1200.0,518
1,0,4.0,232,3,15,484,750.0,518
1,0,3.9,200,17,43,440,400.0,518
1,1,4.0,866,18,15,532,900.0,518
1,0,3.8,412,18,15,31,700.0,518
1,1,4.1,2339,18,15,486,1500.0,518
1,1,4.1,353,36,15,643,1200.0,518
1,0,3.2,96,24,43,468,400.0,518
1,0,3.9,543,3,43,654,300.0,518
1,1,4.0,633,1,15,484,800.0,518
1,1,4.2,815,18,15,484,900.0,518
1,0,3.7,59,1,43,596,200.0,518
1,1,4.2,2022,18,15,578,1000.0,518
1,0,4.1,179,38,15,636,600.0,518
1,1,3.9,142,18,15,445,1000.0,518
1,0,4.2,185,0,33,488,300.0,518
1,1,4.4,1224,18,15,549,1000.0,518
1,0,3.8,280,18,15,117,800.0,518
1,0,3.8,122,18,15,441,700.0,518
1,1,3.8,560,17,15,468,800.0,518
1,0,2.9,62,18,46,241,650.0,137
0,1,3.7,151,18,31,469,1350.0,518
1,0,4.1,139,18,15,523,550.0,518
1,0,4.0,219,3,10,204,600.0,518
0,1,4.1,2303,18,15,484,950.0,518
0,0,4.0,104,7,15,484,650.0,518
0,0,3.5,334,18,15,468,600.0,518
0,0,3.8,36,1,22,538,400.0,518
0,1,3.8,176,18,15,469,1350.0,518
0,0,3.5,52,1,43,642,300.0,518
0,0,2.7,128,1,15,262,850.0,518
1,1,3.8,203,36,15,516,1200.0,518
1,1,4.1,1077,18,15,484,1000.0,518
1,0,3.1,68,18,43,464,550.0,518
1,0,4.1,185,18,43,419,200.0,518
1,0,3.9,40,3,15,525,600.0,518
1,0,3.6,43,17,15,251,600.0,518
1,1,3.7,36,18,15,254,650.0,518
0,0,4.1,868,1,38,299,1200.0,518
0,1,3.8,235,18,15,434,1000.0,518
0,0,3.0,98,1,4,484,800.0,518
1,0,3.8,75,18,43,424,300.0,518
0,0,4.3,141,18,50,456,200.0,518
0,0,4.0,920,18,15,17,600.0,518
0,0,3.8,71,18,27,650,1200.0,518
0,1,4.2,731,18,10,177,800.0,518
0,0,4.3,345,1,23,387,400.0,518
0,1,4.1,102,18,10,169,800.0,518
0,0,4.2,244,1,15,409,800.0,518
0,0,4.0,1047,1,43,400,450.0,518
0,0,3.9,56,18,23,328,200.0,518
0,1,3.6,571,18,15,298,800.0,518
0,0,3.6,299,1,43,358,300.0,518
0,0,3.8,39,1,43,650,350.0,518
0,0,3.2,59,18,12,193,550.0,518
0,0,4.0,147,18,23,312,400.0,518
0,0,3.7,65,1,43,360,300.0,518
1,0,3.5,41,40,29,609,400.0,518
1,0,3.9,60,18,9,90,400.0,518
1,0,3.8,109,18,15,484,500.0,518
1,0,3.9,193,17,15,662,400.0,518
1,0,3.8,59,1,15,484,750.0,518
1,0,3.8,186,17,10,148,500.0,518
0,0,4.3,372,3,23,387,400.0,518
0,0,4.0,98,3,50,458,400.0,518
1,0,3.9,56,3,23,316,400.0,518
0,0,3.9,95,3,23,68,400.0,518
1,0,4.0,73,3,0,78,300.0,518
1,0,4.0,219,3,10,204,600.0,518
1,0,3.8,71,3,23,390,400.0,518
1,0,4.1,216,3,10,176,500.0,518
1,0,4.1,46,3,6,88,400.0,518
1,0,2.7,97,3,15,657,400.0,518
0,1,4.3,633,18,12,184,800.0,518
0,0,4.5,197,18,23,387,400.0,518
0,0,4.3,141,18,50,456,200.0,518
1,0,4.0,1778,18,43,592,200.0,518
0,0,4.2,223,18,10,227,800.0,518
0,0,4.2,820,18,6,88,250.0,518
1,0,4.4,356,18,23,316,400.0,518
0,0,3.9,56,18,23,328,200.0,518
1,0,4.2,95,18,8,88,400.0,518
1,0,4.2,228,18,23,70,500.0,518
1,0,3.8,152,18,23,316,350.0,518
1,0,4.1,438,18,23,325,500.0,518
1,0,4.3,860,1,23,323,500.0,518
1,0,3.5,56,18,23,389,400.0,518
1,0,3.7,47,18,47,346,400.0,518
1,0,3.8,918,1,12,222,800.0,518
1,0,4.0,253,18,23,316,300.0,518
1,0,3.9,210,18,8,319,400.0,518
1,0,3.8,144,1,10,236,700.0,518
1,0,4.2,249,18,23,316,300.0,518
0,0,4.1,59,18,23,387,200.0,518
0,0,4.0,147,18,23,312,400.0,518
1,0,3.9,70,1,23,347,400.0,518
1,0,4.1,204,18,23,387,300.0,518
1,0,3.9,750,3,15,523,500.0,518
0,1,4.3,1037,3,15,313,1000.0,518
1,0,4.0,232,3,15,484,750.0,518
0,0,3.8,166,3,15,574,600.0,518
0,0,3.9,153,3,15,642,350.0,518
1,1,4.6,1755,3,17,605,600.0,518
0,0,4.1,428,3,15,596,1000.0,518
1,0,3.8,469,3,15,487,750.0,518
1,0,3.9,240,3,10,146,700.0,518
1,0,3.8,527,3,15,468,500.0,518
1,0,4.1,364,3,15,651,550.0,518
0,0,2.7,377,3,38,530,1100.0,518
0,0,3.8,148,3,17,482,550.0,518
1,0,3.8,286,3,15,468,600.0,518
0,0,3.9,206,3,43,660,450.0,518
0,0,3.9,133,3,15,399,650.0,518
0,0,3.6,160,3,15,23,800.0,518
1,0,4.0,219,3,10,204,600.0,518
1,0,4.1,216,3,10,176,500.0,518
1,0,3.7,514,3,10,206,600.0,518
1,0,3.7,54,3,10,159,600.0,518
1,0,2.7,97,3,15,657,400.0,518
1,0,4.1,176,3,15,28,800.0,518
1,0,3.8,540,3,15,552,650.0,518
1,0,3.4,58,3,10,193,400.0,518
0,0,3.7,217,3,15,526,450.0,518
0,0,3.7,61,3,15,133,600.0,518
0,0,3.9,111,3,15,516,700.0,518
1,0,3.9,40,3,15,525,600.0,518
0,0,3.8,55,40,29,258,300.0,518
0,0,4.5,2896,3,43,642,250.0,518
1,0,4.1,1720,3,43,553,400.0,518
1,0,4.2,64,3,43,627,500.0,518
1,0,3.8,319,3,43,139,400.0,518
0,0,3.9,100,3,43,662,300.0,518
1,0,3.6,276,3,43,139,500.0,518
0,0,4.2,253,3,43,642,250.0,518
0,0,4.1,279,3,43,360,200.0,518
0,0,4.1,238,3,43,642,600.0,518
1,0,3.7,93,3,43,676,200.0,518
1,0,3.8,74,3,43,662,300.0,518
0,0,3.8,124,3,43,656,300.0,518
1,0,3.9,770,3,43,608,400.0,346
0,0,4.2,196,3,43,677,250.0,518
1,0,4.0,133,3,43,336,200.0,518
1,0,4.1,169,3,43,289,500.0,518
1,0,3.9,549,3,43,654,300.0,518
1,0,2.9,142,3,43,608,750.0,518
1,0,3.9,75,3,23,326,400.0,432
0,0,4.0,53,3,43,642,300.0,518
1,0,3.8,177,3,43,626,500.0,518
1,0,3.9,142,3,43,677,200.0,518
0,0,2.7,51,3,43,666,600.0,518
0,0,2.5,35,3,43,336,200.0,518
0,0,4.0,65,3,43,642,200.0,518
1,0,2.6,72,3,43,662,300.0,518
1,0,3.8,166,3,43,610,600.0,518
1,0,4.0,157,3,43,140,600.0,509
1,1,4.2,2049,18,15,578,1000.0,518
1,0,4.5,4569,18,15,100,600.0,518
1,1,4.1,1903,18,15,559,1200.0,518
0,1,4.1,2359,18,15,484,950.0,518
1,1,4.3,1302,18,17,374,800.0,518
1,1,4.1,2365,18,15,486,1500.0,518
0,1,4.3,1278,18,16,613,1000.0,518
1,0,4.2,109,18,15,52,800.0,518
1,1,4.1,336,18,15,279,700.0,518
1,1,4.3,1161,18,15,414,1300.0,518
0,0,4.2,760,18,43,645,350.0,518
1,0,4.0,201,18,15,468,800.0,518
1,0,3.7,429,18,15,31,700.0,518
0,0,4.2,737,18,10,146,500.0,518
1,1,4.1,682,18,16,21,1000.0,518
1,1,4.1,1008,18,35,537,1500.0,376
1,0,4.1,825,18,10,194,400.0,518
1,0,4.2,325,1,43,468,350.0,518
1,0,4.4,5060,18,15,572,750.0,222
1,1,4.1,804,1,15,564,800.0,518
1,1,4.0,884,18,15,532,900.0,518
0,0,4.0,950,18,15,17,600.0,518
1,0,4.1,631,18,15,121,750.0,437
0,1,4.2,731,18,10,177,800.0,518
1,1,4.1,442,18,41,293,1200.0,518
1,1,4.2,354,1,15,57,800.0,518
0,1,4.1,102,18,10,169,800.0,518
1,1,4.1,364,18,15,689,1200.0,518
1,0,4.0,465,18,15,666,600.0,518
1,0,3.8,242,18,15,442,650.0,518
1,1,4.2,2115,1,15,614,800.0,518
0,0,4.2,223,18,10,227,800.0,518
1,0,4.3,322,18,15,642,400.0,518
1,1,4.1,1063,18,16,405,1200.0,518
1,0,4.4,181,18,6,94,250.0,518
0,0,4.2,244,1,15,409,800.0,518
0,0,3.9,284,18,15,523,450.0,518
1,0,3.9,221,18,15,233,700.0,518
0,0,4.1,868,1,38,299,1200.0,518
0,0,4.1,707,18,10,200,850.0,518
1,0,4.2,261,18,10,175,700.0,518
0,1,3.8,977,1,31,361,1300.0,518
1,1,4.2,150,1,10,210,600.0,518
1,1,4.2,1901,18,10,189,800.0,518
0,0,4.0,104,7,15,484,650.0,518
1,0,4.0,324,1,10,210,700.0,518
1,0,4.6,228,18,10,159,400.0,518
1,0,4.2,504,1,10,223,550.0,518
0,1,4.0,370,18,15,536,1000.0,518
1,0,4.2,1647,1,15,265,600.0,518
1,0,4.1,130,18,10,217,650.0,518
1,1,4.2,815,18,15,484,900.0,518
0,0,4.2,380,18,43,110,400.0,518
0,1,3.6,571,18,15,298,800.0,518
1,1,3.5,431,18,15,468,800.0,518
1,0,4.0,1778,18,43,592,200.0,518
1,0,4.0,136,18,43,654,350.0,518
1,1,4.1,553,18,15,406,900.0,518
1,0,3.9,135,1,15,497,800.0,518
1,0,3.8,918,1,12,222,800.0,518
1,0,3.8,59,1,15,484,750.0,518
0,0,3.8,71,18,27,650,1200.0,518
1,0,3.9,233,18,15,412,800.0,518
1,0,3.6,105,1,15,692,700.0,518
1,0,3.8,155,18,15,666,450.0,518
1,0,3.8,90,1,10,146,650.0,518
1,0,3.0,73,38,15,468,500.0,518
1,0,3.9,144,18,15,519,550.0,518
0,1,3.7,151,18,31,469,1350.0,518
0,0,4.0,1047,1,43,400,450.0,518
1,1,4.0,633,1,15,484,800.0,518
0,0,3.5,334,18,15,468,600.0,518
0,0,3.8,68,7,43,476,400.0,518
1,0,3.9,49,18,43,661,200.0,518
1,0,3.8,339,18,43,662,400.0,518
1,0,3.8,144,1,10,236,700.0,518
1,0,3.9,888,1,15,586,750.0,518
0,1,3.8,235,18,15,434,1000.0,518
0,0,3.8,46,18,10,146,400.0,518
1,0,3.8,577,18,15,580,900.0,518
1,0,3.9,211,18,15,345,500.0,518
1,0,4.0,232,18,43,649,400.0,518
1,0,3.7,47,18,47,346,400.0,518
1,0,3.8,74,46,15,286,1000.0,518
0,1,3.7,44,18,15,501,550.0,518
1,0,4.1,139,18,15,523,550.0,518
0,0,3.8,70,1,43,339,500.0,518
1,0,4.1,337,18,43,240,300.0,518
1,0,3.7,133,18,15,263,700.0,518
1,0,3.8,109,18,15,484,500.0,518
1,1,3.9,142,18,15,445,1000.0,518
1,0,3.9,134,18,43,682,400.0,518
0,1,3.8,176,18,15,469,1350.0,518
1,1,3.9,291,18,10,164,650.0,518
0,0,3.9,88,1,43,642,250.0,518
0,0,3.8,265,18,43,668,250.0,518
1,0,3.6,84,1,43,662,250.0,518
0,0,3.8,189,1,43,642,300.0,518
1,0,3.0,213,1,43,583,400.0,518
0,0,3.8,39,1,43,650,350.0,518
0,0,3.6,71,1,43,578,250.0,518
1,1,3.8,584,18,15,561,1200.0,518
1,1,3.7,36,18,15,254,650.0,518
1,0,3.0,290,1,43,492,450.0,518
1,0,2.6,157,18,10,154,450.0,518
1,0,2.9,177,18,15,489,700.0,518
1,0,2.8,45,1,15,615,800.0,518
1,0,3.3,128,1,43,484,300.0,518
0,0,3.8,39,18,43,661,250.0,518
1,0,3.5,41,40,29,609,400.0,518
1,0,3.7,237,1,43,654,200.0,518
1,0,3.9,134,18,43,357,350.0,518
1,0,4.1,414,18,43,145,500.0,518
1,0,3.5,179,1,15,487,600.0,518
1,0,3.7,97,18,43,564,350.0,518
0,0,3.4,133,18,43,662,300.0,518
1,0,2.9,62,18,46,241,650.0,518
0,0,3.0,98,1,4,484,800.0,518
0,0,2.7,128,1,15,262,850.0,518
1,0,3.5,80,1,43,691,250.0,518
0,0,3.7,65,1,43,360,300.0,518
0,0,3.5,52,1,43,642,300.0,518
1,0,3.6,195,18,15,260,800.0,518
0,0,4.0,42,1,43,672,300.0,518
0,0,3.7,168,18,10,194,400.0,518
1,0,3.7,323,18,15,265,850.0,518
0,1,4.3,1236,18,16,613,1000.0,518
0,0,2.7,377,3,38,530,1100.0,518
1,1,4.1,970,18,35,537,1500.0,518
1,1,4.1,442,18,41,293,1200.0,518
0,0,4.1,868,1,38,299,1200.0,518
0,1,3.8,977,1,31,361,1300.0,518
0,1,3.7,151,18,31,469,1350.0,518
0,1,3.8,235,18,15,434,1000.0,518
0,0,3.0,98,1,4,484,800.0,518
0,1,3.9,284,4,15,591,1500.0,518
1,1,4.4,4099,37,16,631,1400.0,518
1,1,4.1,3020,4,15,570,1000.0,518
1,1,4.4,2182,4,5,499,1400.0,518
1,0,4.0,444,4,15,468,1200.0,518
1,1,3.9,392,4,4,116,1500.0,518
0,1,3.6,255,4,31,569,1500.0,518
1,1,4.1,1691,4,16,468,1100.0,518
1,1,3.7,37,4,15,255,1500.0,518
0,0,3.0,120,4,15,550,1000.0,518
0,0,3.5,95,4,15,243,700.0,518
0,0,3.0,155,4,15,476,800.0,518
0,1,4.8,7023,29,16,540,1500.0,518
1,1,4.4,4099,37,16,631,1400.0,518
0,1,4.5,3421,29,15,568,1300.0,518
0,1,4.7,881,37,15,334,1600.0,518
1,1,4.3,994,37,15,53,1300.0,518
0,0,4.3,1303,29,15,534,1000.0,518
0,1,4.7,163,37,5,368,1500.0,518
0,0,3.9,1225,37,15,555,1100.0,518
1,1,4.3,715,37,15,410,1500.0,518
1,1,4.0,942,37,38,284,1300.0,518
1,0,4.3,754,37,15,621,500.0,518
0,0,3.0,197,37,15,484,700.0,518
1,0,4.0,107,4,10,202,400.0,518
1,0,3.6,136,4,3,77,600.0,518
1,0,3.1,48,4,10,193,900.0,518
1,0,4.0,74,4,13,191,600.0,518
0,0,3.7,47,4,10,146,500.0,518
0,0,3.8,114,4,10,192,550.0,518
1,1,4.0,341,4,10,167,1000.0,518
1,0,4.3,556,37,25,386,500.0,518
1,0,4.3,894,37,10,212,600.0,518
1,0,4.3,149,37,10,217,800.0,518
1,0,3.7,94,29,10,160,700.0,518
1,0,3.4,414,29,43,484,400.0,518
1,0,3.9,146,4,15,480,650.0,11
1,0,4.1,166,4,52,566,500.0,518
1,0,3.2,113,29,22,375,450.0,518
1,0,3.8,240,4,43,666,200.0,272
1,0,2.9,313,4,43,484,450.0,518
1,0,3.3,294,37,43,428,400.0,518
1,0,4.3,166,14,22,468,400.0,66
1,0,4.4,278,37,22,546,400.0,518
1,0,3.8,230,29,43,79,300.0,64
1,0,3.9,782,14,43,484,300.0,518
1,0,2.9,248,4,43,484,400.0,518
1,0,3.8,62,37,43,139,500.0,518
1,0,4.0,532,4,43,484,300.0,518
1,0,4.5,141,14,23,316,400.0,518
1,0,3.8,68,29,43,91,200.0,518
1,1,4.0,533,14,15,468,600.0,518
1,0,4.2,258,37,15,596,700.0,518
1,0,4.2,3334,29,15,130,600.0,518
1,0,3.9,1233,4,15,529,500.0,518
1,1,3.8,188,37,15,40,800.0,518
1,0,3.8,419,4,15,99,900.0,518
1,0,3.8,2084,4,15,572,750.0,518
1,0,3.7,833,29,15,120,550.0,518
1,0,4.0,152,4,49,457,400.0,518
1,0,3.8,87,14,43,506,400.0,323
1,0,2.9,666,29,15,49,800.0,518
1,0,3.9,105,29,23,390,400.0,518
1,0,3.9,214,4,43,96,400.0,518
1,0,4.0,77,4,43,662,300.0,13
1,0,3.8,132,37,43,129,300.0,518
1,0,4.2,567,14,15,533,550.0,518
1,0,4.1,164,4,52,604,600.0,518
1,0,4.0,316,14,9,684,250.0,56
1,1,4.4,3738,14,17,605,600.0,518
1,0,3.9,343,14,43,468,300.0,518
1,0,3.8,62,29,15,662,400.0,271
1,0,4.1,87,37,22,468,300.0,21
1,0,3.8,44,37,22,116,600.0,518
1,0,4.0,894,4,15,110,750.0,518
1,0,3.8,832,37,22,112,650.0,518
1,1,4.0,903,29,15,18,750.0,518
1,0,3.2,380,37,43,139,450.0,518
1,0,3.8,798,29,22,584,450.0,518
1,0,3.4,692,4,15,630,600.0,518
1,0,3.8,135,37,15,662,400.0,275
1,0,4.0,230,4,15,468,950.0,518
1,0,3.5,79,29,43,244,400.0,518
1,0,4.0,357,37,22,96,650.0,518
1,0,4.1,152,14,22,468,400.0,203
1,0,3.9,75,4,2,70,500.0,518
1,0,3.9,94,4,43,422,200.0,518
1,0,3.3,200,4,43,562,450.0,518
1,0,2.8,188,14,15,484,400.0,518
1,0,3.1,226,29,15,663,500.0,518
1,0,2.8,105,4,43,608,600.0,518
1,1,3.7,194,37,15,468,800.0,518
1,0,3.5,378,4,43,511,500.0,434
1,0,3.9,432,37,22,476,450.0,518
1,0,3.7,63,31,22,484,300.0,518
1,1,3.9,225,29,15,477,800.0,518
1,0,4.3,220,37,22,10,600.0,334
1,0,4.1,88,37,22,453,600.0,518
1,0,4.0,444,4,15,468,1200.0,518
1,0,2.9,827,37,15,47,800.0,518
1,0,4.1,193,4,43,481,500.0,518
1,0,3.7,404,4,15,666,500.0,23
1,0,4.6,1193,37,5,13,1500.0,518
1,1,4.4,4099,37,16,631,1400.0,518
1,0,3.9,78,14,43,36,300.0,518
1,1,3.8,571,29,15,478,600.0,518
1,0,3.5,116,14,15,24,600.0,518
1,1,4.3,996,4,15,306,1200.0,518
1,0,4.3,490,4,2,73,500.0,518
1,0,2.3,235,4,15,468,800.0,518
1,0,3.6,48,4,22,16,400.0,518
1,0,4.0,717,29,15,382,800.0,518
1,1,4.3,994,37,15,53,1300.0,518
1,1,4.9,16345,37,34,308,1600.0,518
1,1,4.5,125,37,15,438,700.0,518
1,0,4.3,754,37,15,621,500.0,514
1,0,3.5,178,14,43,679,300.0,518
1,0,3.5,234,14,43,668,400.0,268
1,0,4.0,107,4,10,202,400.0,494
1,0,4.1,103,14,43,545,800.0,518
1,1,4.4,1209,29,16,468,1100.0,518
1,0,4.0,167,29,43,336,400.0,518
1,1,3.8,157,4,15,234,600.0,518
1,0,3.7,309,14,15,79,600.0,518
1,1,4.4,1381,37,35,366,1500.0,518
1,0,3.9,667,14,15,123,800.0,518
1,0,4.1,433,14,10,178,750.0,518
1,0,3.9,70,37,22,373,600.0,518
1,0,3.8,77,14,43,601,350.0,518
1,0,4.0,175,4,2,70,300.0,518
1,0,3.9,370,4,15,115,550.0,518
1,1,4.0,557,29,15,484,900.0,518
1,0,3.6,42,29,52,484,300.0,518
1,0,3.1,281,14,43,553,400.0,518
1,0,4.3,49,4,43,421,250.0,518
1,1,4.4,3061,29,16,551,1500.0,518
1,0,3.6,260,4,43,608,800.0,518
1,0,4.0,60,4,6,90,600.0,518
1,0,3.9,231,37,22,532,500.0,34
1,0,3.9,715,14,15,397,1000.0,518
1,0,3.0,237,15,22,604,500.0,518
1,0,4.2,45,29,43,468,250.0,38
1,0,3.0,111,4,43,623,400.0,518
1,0,3.9,396,14,15,262,850.0,518
1,0,3.7,160,37,15,422,500.0,518
1,1,3.9,42,37,43,131,500.0,518
1,0,3.4,262,37,15,422,450.0,518
1,1,4.1,1056,14,16,407,1200.0,518
1,0,3.9,112,14,43,140,600.0,518
1,1,4.0,797,14,10,210,700.0,31
1,0,2.4,438,14,15,233,1000.0,518
1,0,3.8,210,14,43,420,200.0,475
1,0,3.6,44,37,10,186,600.0,518
1,0,3.7,33,14,52,95,400.0,518
1,1,4.1,1691,4,16,468,1100.0,518
1,0,4.3,556,37,25,386,500.0,518
1,1,4.1,481,37,15,25,900.0,518
1,0,2.9,163,4,48,599,250.0,518
1,1,4.3,715,37,15,410,1500.0,518
1,0,4.0,65,14,49,457,200.0,518
1,0,4.2,166,4,43,484,450.0,518
1,1,4.0,547,14,15,558,1000.0,518
1,0,3.0,139,29,15,582,450.0,17
1,0,4.3,787,14,15,64,1000.0,518
1,0,4.0,55,14,43,396,500.0,518
1,0,4.0,250,4,43,468,250.0,518
1,0,3.2,204,37,15,479,500.0,518
1,0,2.9,361,14,15,485,450.0,518
1,1,3.9,661,29,15,504,750.0,518
1,0,4.1,268,4,15,235,800.0,518
1,0,4.0,200,14,22,604,750.0,518
1,0,3.9,228,14,23,323,500.0,518
1,1,4.4,889,37,15,433,1400.0,518
1,0,4.0,74,4,13,191,600.0,518
1,0,2.6,155,37,15,563,600.0,518
1,0,4.0,44,37,43,597,300.0,304
1,0,3.2,258,4,43,139,500.0,518
1,0,3.8,133,4,43,336,200.0,518
1,0,2.8,95,4,15,565,500.0,518
1,0,3.7,48,4,43,468,400.0,288
1,0,3.2,97,37,43,655,250.0,15
1,0,3.7,44,4,23,316,900.0,518
1,1,4.0,341,4,10,167,1000.0,518
1,0,3.3,84,4,43,676,200.0,518
1,0,3.6,109,37,15,462,700.0,518
1,0,4.0,162,14,43,37,500.0,518
1,1,4.4,1146,29,41,500,1200.0,518
1,0,4.4,536,31,22,314,600.0,518
1,0,4.1,39,29,43,681,200.0,378
0,0,4.0,213,4,15,247,400.0,518
1,1,4.2,1383,14,16,309,1100.0,518
1,0,2.9,89,4,43,360,350.0,518
1,0,3.7,182,4,43,593,400.0,518
1,0,4.1,129,14,23,316,350.0,518
1,0,3.7,34,4,22,484,450.0,518
1,0,3.2,44,37,43,610,600.0,518
1,0,3.8,376,4,22,468,600.0,518
1,1,3.9,392,4,4,116,1500.0,518
1,1,4.2,340,29,15,66,1700.0,518
1,0,3.8,54,29,43,564,400.0,518
1,0,3.6,26,29,43,484,250.0,518
1,0,3.2,127,4,43,468,400.0,518
1,0,3.6,136,4,3,77,600.0,518
1,1,4.1,322,37,20,1,1200.0,518
1,0,4.1,248,37,15,269,800.0,518
1,1,4.4,2182,4,5,499,1400.0,518
1,0,3.0,137,40,51,547,650.0,518
1,0,4.0,119,14,9,90,400.0,518
1,0,3.8,1972,29,15,21,650.0,518
1,0,4.0,57,4,23,387,300.0,518
1,0,2.9,243,37,43,519,300.0,518
1,0,3.7,48,4,30,622,400.0,518
1,1,4.2,7193,37,37,300,1400.0,518
1,0,3.7,39,37,43,392,200.0,518
1,0,3.8,72,4,30,387,300.0,518
1,0,2.9,182,4,15,471,800.0,518
1,0,3.9,222,37,15,120,800.0,518
1,0,4.2,793,4,20,329,1700.0,518
1,0,3.0,289,4,15,610,500.0,518
1,0,3.9,337,14,43,484,500.0,518
1,1,4.1,3020,4,15,570,1000.0,518
1,0,3.8,81,37,0,70,300.0,518
1,0,4.0,136,37,10,146,500.0,518
1,1,4.0,387,14,12,188,1300.0,518
1,1,4.0,942,37,38,284,1300.0,518
1,0,3.7,132,29,15,468,750.0,518
0,0,3.8,368,4,15,576,600.0,518
1,0,3.8,174,14,43,609,400.0,518
1,0,4.3,269,37,0,72,750.0,518
1,0,3.8,46,37,15,638,600.0,518
1,0,3.8,91,29,15,521,750.0,518
1,0,3.8,60,14,43,44,400.0,518
1,0,3.2,135,37,43,109,400.0,518
1,0,3.6,484,14,12,218,700.0,518
1,0,4.3,894,37,10,212,600.0,515
1,0,4.0,600,14,15,50,800.0,518
1,1,3.7,37,4,15,255,1500.0,518
1,0,3.0,106,4,15,484,500.0,518
0,0,2.7,39,4,27,454,330.0,518
1,0,3.2,61,37,43,542,250.0,36
1,0,3.1,117,37,15,484,550.0,518
0,0,3.7,128,4,3,76,600.0,518
1,0,3.9,1240,14,16,447,1400.0,518
1,0,4.3,149,37,10,217,800.0,518
0,0,3.6,336,4,15,479,600.0,518
0,0,2.3,131,4,15,33,800.0,518
1,0,3.7,66,4,15,479,550.0,518
1,0,3.8,106,37,51,642,200.0,380
0,0,2.8,43,4,43,116,500.0,518
0,0,3.5,95,4,15,243,700.0,518
1,0,3.7,94,29,10,160,700.0,518
1,0,3.6,76,4,52,35,300.0,518
1,0,3.8,138,14,23,323,500.0,518
1,0,3.7,500,20,22,582,500.0,518
1,0,3.5,356,4,22,484,500.0,518
0,0,2.1,337,4,15,468,450.0,518
1,0,3.9,36,37,22,468,400.0,518
1,0,4.2,500,37,10,183,800.0,469
1,0,3.5,435,20,22,584,500.0,518
0,0,3.0,155,4,15,476,800.0,518
0,0,2.8,116,4,27,84,400.0,518
0,0,3.2,59,4,15,581,550.0,518
0,0,3.8,114,4,10,192,550.0,518
1,0,3.6,151,11,22,411,450.0,518
1,0,4.0,353,37,22,488,500.0,518
1,0,3.1,100,14,10,213,650.0,518
0,0,3.9,177,37,23,314,300.0,518
1,1,3.9,218,29,15,577,750.0,518
0,1,4.3,1585,37,35,291,1500.0,518
1,0,4.1,111,4,23,314,600.0,518
1,0,3.8,80,4,43,468,300.0,518
1,0,3.7,122,14,43,528,300.0,518
0,0,4.2,267,37,50,457,400.0,518
0,1,4.0,119,37,15,484,1000.0,518
0,0,3.8,111,29,15,484,600.0,518
0,0,3.0,197,37,15,484,700.0,518
0,0,3.5,68,37,43,468,250.0,518
0,0,2.9,108,37,15,26,800.0,518
0,0,3.5,132,37,43,358,300.0,518
1,0,3.8,117,37,52,275,600.0,518
1,0,4.3,490,4,2,73,500.0,496
1,0,4.0,175,4,2,70,300.0,518
1,0,4.0,152,4,49,457,400.0,238
1,0,3.9,1233,4,15,529,500.0,383
1,0,4.2,213,4,23,390,400.0,518
1,0,2.9,163,4,48,599,250.0,415
1,0,3.6,136,4,3,77,600.0,518
1,0,3.9,75,4,2,70,500.0,518
1,0,4.1,111,4,23,314,600.0,518
0,0,3.7,128,4,3,76,600.0,518
1,0,3.7,44,4,23,316,900.0,518
1,0,3.8,72,4,30,387,300.0,518
1,0,4.0,74,4,13,191,600.0,518
1,0,4.3,556,37,25,386,500.0,518
0,0,4.2,267,37,50,457,400.0,518
1,0,4.3,269,37,0,72,750.0,518
1,0,3.7,94,29,10,160,700.0,518
1,0,3.8,81,37,0,70,300.0,518
0,0,3.9,177,37,23,314,300.0,518
0,0,3.9,75,37,23,387,350.0,518
1,0,3.9,93,37,0,70,500.0,170
0,1,3.9,284,4,15,591,1500.0,518
1,1,4.1,1691,4,16,468,1100.0,518
1,1,4.1,3020,4,15,570,1000.0,518
1,0,4.2,793,4,20,329,1700.0,518
1,1,4.4,2182,4,5,499,1400.0,518
1,0,4.0,894,4,15,110,750.0,518
1,1,4.3,996,4,15,306,1200.0,518
0,0,4.2,308,4,15,468,800.0,518
1,0,4.0,444,4,15,468,1200.0,94
1,0,4.0,230,4,15,468,950.0,443
1,0,4.0,60,4,6,90,600.0,412
0,0,4.0,213,4,15,247,400.0,518
0,0,4.0,225,4,15,468,700.0,518
1,0,3.4,692,4,15,630,600.0,518
1,0,3.8,2084,4,15,572,750.0,518
1,1,3.9,392,4,4,116,1500.0,518
1,0,3.7,404,4,15,666,500.0,403
0,1,3.6,255,4,31,569,1500.0,518
1,0,4.0,152,4,49,457,400.0,238
0,0,3.8,368,4,15,576,600.0,518
1,0,3.8,419,4,15,99,900.0,518
1,0,4.0,107,4,10,202,400.0,493
1,0,4.1,268,4,15,235,800.0,518
1,0,3.0,289,4,15,610,500.0,518
1,0,3.9,146,4,15,480,650.0,10
1,0,3.9,1233,4,15,529,500.0,384
1,1,3.7,37,4,15,255,1500.0,518
1,0,2.9,182,4,15,471,800.0,518
0,1,4.1,106,4,16,449,1600.0,518
0,1,4.2,707,4,21,484,1400.0,518
1,1,3.8,157,4,15,234,600.0,518
1,0,3.0,106,4,15,484,500.0,518
1,0,2.6,74,4,15,49,800.0,518
1,0,3.7,66,4,15,479,550.0,518
1,0,2.8,95,4,15,565,500.0,518
0,0,3.0,120,4,15,550,1000.0,518
1,0,3.2,127,4,43,468,400.0,518
0,0,3.6,336,4,15,479,600.0,518
0,0,2.3,131,4,15,33,800.0,518
1,0,3.1,48,4,10,193,900.0,518
0,0,3.5,95,4,15,243,700.0,518
1,0,3.7,48,4,30,622,400.0,518
0,0,3.7,47,4,10,146,500.0,518
0,0,2.1,337,4,15,468,450.0,518
0,0,3.0,155,4,15,476,800.0,518
0,0,3.2,59,4,15,581,550.0,518
0,0,3.8,114,4,10,192,550.0,518
0,0,3.6,542,4,15,608,750.0,518
0,0,2.6,270,4,15,484,400.0,518
1,0,3.9,370,4,15,115,550.0,440
1,1,4.0,341,4,10,167,1000.0,518
1,0,2.3,235,4,15,468,800.0,470
1,0,4.2,166,4,43,484,450.0,310
1,0,4.0,77,4,43,662,300.0,12
1,0,3.5,378,4,43,511,500.0,373
1,0,4.0,532,4,43,484,300.0,286
1,0,3.9,214,4,43,96,400.0,266
1,0,2.9,163,4,48,599,250.0,415
1,0,3.9,75,4,2,70,500.0,518
1,0,3.6,136,4,3,77,600.0,217
1,0,3.8,80,4,43,468,300.0,518
1,0,2.9,248,4,43,484,400.0,371
1,0,3.9,94,4,43,422,200.0,518
1,0,3.2,258,4,43,139,500.0,518
1,0,3.3,200,4,43,562,450.0,507
1,0,4.0,250,4,43,468,250.0,365
1,0,2.9,89,4,43,360,350.0,321
1,0,3.8,133,4,43,336,200.0,213
0,0,2.7,39,4,27,454,330.0,518
1,0,3.3,84,4,43,676,200.0,377
1,0,3.7,48,4,43,468,400.0,370
0,0,3.7,128,4,3,76,600.0,518
1,0,4.3,49,4,43,421,250.0,518
1,0,3.8,240,4,43,666,200.0,518
0,0,2.8,43,4,43,116,500.0,518
1,0,3.7,182,4,43,593,400.0,518
1,0,3.2,66,4,43,608,800.0,318
0,0,2.8,116,4,27,84,400.0,518
1,0,2.9,313,4,43,484,450.0,396
1,0,3.0,111,4,43,623,400.0,449
0,1,4.8,7023,29,16,540,1500.0,518
1,1,4.9,16345,37,34,308,1600.0,192
1,1,4.2,7193,37,37,300,1400.0,463
1,1,4.4,4099,37,16,631,1400.0,93
1,0,4.6,1193,37,5,13,1500.0,48
0,1,4.5,3421,29,15,568,1300.0,518
1,1,4.4,3061,29,16,551,1500.0,194
0,1,4.3,1585,37,35,291,1500.0,518
0,1,4.7,881,37,15,334,1600.0,518
0,1,4.6,2726,37,37,538,1400.0,518
1,1,4.3,994,37,15,53,1300.0,518
0,0,4.3,1303,29,15,534,1000.0,518
0,1,4.7,163,37,5,368,1500.0,518
1,1,4.4,889,37,15,433,1400.0,518
0,0,3.9,1225,37,15,555,1100.0,518
1,1,4.3,715,37,15,410,1500.0,80
1,1,4.0,942,37,38,284,1300.0,518
1,0,4.3,894,37,10,212,600.0,518
1,1,4.5,125,37,15,438,700.0,518
1,0,4.2,258,37,15,596,700.0,518
1,0,4.3,149,37,10,217,800.0,518
1,0,4.3,754,37,15,621,500.0,518
0,0,4.1,239,37,43,539,500.0,518
1,0,3.5,341,37,15,262,850.0,483
1,0,2.9,827,37,15,47,800.0,142
1,1,4.1,322,37,20,1,1200.0,161
1,1,4.1,481,37,15,25,900.0,312
1,1,3.7,194,37,15,468,800.0,375
0,1,4.0,119,37,15,484,1000.0,518
1,0,3.7,833,29,15,120,550.0,130
1,0,4.1,248,37,15,269,800.0,489
1,0,4.0,44,37,43,597,300.0,305
1,0,3.7,132,29,15,468,750.0,518
0,0,2.6,330,37,15,17,600.0,518
0,0,3.8,111,29,15,484,600.0,518
0,0,3.0,197,37,15,484,700.0,518
1,0,3.8,135,37,15,662,400.0,276
1,1,3.9,42,37,43,131,500.0,110
1,0,3.7,94,29,10,160,700.0,518
1,0,3.3,213,37,15,485,600.0,132
1,0,2.6,155,37,15,563,600.0,518
1,0,3.2,97,37,43,655,250.0,518
1,0,3.5,53,37,43,41,500.0,518
1,0,3.2,61,37,43,542,250.0,518
1,0,2.9,243,37,43,519,300.0,518
0,0,2.2,187,37,43,642,200.0,518
1,0,3.3,294,37,43,428,400.0,518
1,0,3.1,117,37,15,484,550.0,518
0,0,3.5,68,37,43,468,250.0,518
1,0,3.2,44,37,43,610,600.0,518
1,0,2.9,317,37,43,553,400.0,518
1,0,3.2,135,37,43,109,400.0,518
1,0,3.8,54,29,43,564,400.0,359
1,0,3.2,204,37,15,479,500.0,518
1,0,3.8,170,37,43,36,300.0,518
0,0,2.9,108,37,15,26,800.0,518
0,0,3.5,132,37,43,358,300.0,518
1,1,4.0,942,37,38,284,1300.0,139
0,1,4.1,106,4,16,449,1600.0,518
1,1,4.4,2182,4,5,499,1400.0,448
1,1,4.1,3020,4,15,570,1000.0,518
1,0,4.2,793,4,20,329,1700.0,454
1,1,3.9,392,4,4,116,1500.0,259
0,1,3.6,255,4,31,569,1500.0,518
0,1,4.2,707,4,21,484,1400.0,518
1,1,4.9,16345,37,34,308,1600.0,191
1,1,4.2,7193,37,37,300,1400.0,463
1,0,4.6,1193,37,5,13,1500.0,47
1,1,4.4,3061,29,16,551,1500.0,194
1,1,4.4,3061,29,16,551,1500.0,194
1,1,4.1,322,37,20,1,1200.0,518
0,1,4.1,106,4,16,449,1600.0,518
1,1,4.4,2182,4,5,499,1400.0,448
0,1,4.6,2726,37,37,538,1400.0,518
1,0,4.2,793,4,20,329,1700.0,454
1,1,3.9,392,4,4,116,1500.0,259
1,1,4.1,1691,4,16,468,1100.0,518
0,1,4.8,7023,29,16,540,1500.0,518
1,1,4.2,7193,37,37,300,1400.0,463
1,1,4.4,4099,37,16,631,1400.0,93
1,0,4.6,1193,37,5,13,1500.0,47
1,1,4.4,3061,29,16,551,1500.0,194
1,1,4.4,3061,29,16,551,1500.0,194
0,1,4.7,163,37,5,368,1500.0,518
1,1,4.1,322,37,20,1,1200.0,518
1,1,4.3,3126,27,15,578,1500.0,518
1,1,3.8,203,36,15,516,1200.0,518
1,0,4.0,48,5,15,418,1500.0,518
1,1,4.0,929,5,15,620,800.0,183
0,0,2.8,130,5,15,591,650.0,518
0,1,3.9,105,5,15,253,1000.0,518
1,1,4.4,1105,6,16,85,1200.0,518
1,1,4.5,1394,6,16,244,1700.0,518
1,1,4.3,763,26,15,621,1400.0,518
0,1,4.4,1065,42,15,541,1600.0,518
1,0,4.0,3209,6,15,572,750.0,221
0,1,3.8,64,27,15,63,1500.0,518
0,0,4.1,1022,35,15,503,500.0,518
0,1,4.2,347,26,16,558,1000.0,518
0,1,4.3,334,36,15,524,1200.0,518
1,0,3.9,169,36,16,468,1700.0,518
1,1,4.2,576,38,15,248,1200.0,518
1,1,4.3,1048,26,15,401,1600.0,518
1,1,4.0,188,39,16,554,1300.0,460
1,0,3.9,158,16,15,264,1300.0,518
1,1,3.8,198,27,15,402,1600.0,518
1,0,4.1,119,36,15,276,1000.0,0
0,0,3.1,120,26,16,535,1200.0,518
0,0,2.8,253,16,15,484,1000.0,518
0,0,3.9,89,41,15,567,1400.0,518
0,0,3.0,107,27,15,535,800.0,518
0,0,3.7,145,36,17,249,1000.0,518
0,0,3.7,67,36,15,642,500.0,518
0,0,3.8,52,36,15,538,1200.0,518
0,0,2.3,116,36,15,261,650.0,518
0,1,4.0,324,9,31,569,1300.0,518
1,1,4.2,474,9,15,521,1700.0,387
0,1,3.7,100,33,15,653,1600.0,518
0,1,3.9,156,9,15,594,1100.0,518
1,1,4.2,935,6,10,172,750.0,518
1,1,4.3,2660,27,10,181,1200.0,518
0,0,4.2,618,5,10,165,500.0,518
1,0,3.8,72,5,10,151,650.0,453
1,0,3.6,104,5,10,180,800.0,518
0,0,3.6,46,5,10,146,350.0,518
0,0,4.6,2257,6,10,224,1100.0,518
1,1,4.2,2838,35,17,415,800.0,330
0,0,4.5,3568,41,10,147,900.0,518
1,1,4.4,690,27,17,4,1700.0,25
0,1,4.0,1701,6,10,173,1000.0,518
0,0,4.3,2635,6,10,146,600.0,518
1,0,4.4,1084,26,1,69,600.0,102
1,0,4.3,3547,6,10,207,650.0,518
0,0,4.3,521,26,1,624,1400.0,518
0,0,4.2,160,42,10,226,750.0,518
0,0,4.3,67,35,10,219,400.0,518
0,0,4.3,786,6,12,203,900.0,518
1,0,4.1,114,36,10,65,700.0,518
1,0,4.3,566,42,10,182,700.0,503
0,0,4.0,1443,27,25,321,500.0,518
1,0,4.1,460,6,10,153,700.0,518
1,0,3.9,461,42,12,149,800.0,518
1,0,4.3,1133,16,10,195,800.0,518
0,1,3.9,296,38,10,204,750.0,518
1,0,3.6,95,16,12,166,650.0,518
0,0,4.0,47,42,10,209,750.0,518
1,0,4.2,115,27,11,156,500.0,518
0,0,4.2,115,42,17,436,1000.0,518
0,1,3.7,91,26,11,158,1000.0,518
1,0,4.0,85,35,26,198,400.0,518
0,0,4.1,104,26,14,215,1200.0,518
1,0,3.9,66,6,7,230,500.0,518
1,0,4.2,382,42,10,612,500.0,518
1,0,3.4,122,35,10,162,600.0,518
0,1,3.9,315,27,10,180,800.0,518
0,0,3.7,145,36,17,249,1000.0,518
0,0,3.9,74,41,10,168,500.0,518
0,0,3.8,99,42,10,187,600.0,518
1,0,3.8,260,27,10,146,700.0,518
1,0,4.1,124,27,17,280,900.0,518
1,1,4.7,4639,9,40,600,1300.0,518
1,0,4.3,652,9,13,190,750.0,518
1,1,4.3,858,9,17,281,1000.0,518
1,0,4.2,739,9,10,181,750.0,518
1,1,4.1,94,6,43,378,300.0,433
1,0,3.9,302,10,43,431,300.0,295
1,0,4.0,473,15,43,96,300.0,67
1,0,4.3,284,41,43,145,500.0,512
1,0,3.8,377,36,22,375,450.0,322
1,0,4.0,1393,15,43,140,600.0,155
1,0,3.9,142,31,15,99,800.0,420
1,0,4.1,1079,5,47,138,550.0,4
1,0,4.0,1072,15,43,357,350.0,438
1,0,3.8,88,13,43,358,250.0,477
1,0,4.3,290,35,52,566,500.0,518
1,0,4.2,382,42,10,612,500.0,344
1,0,3.5,350,12,43,484,350.0,284
1,0,4.3,889,10,22,70,500.0,79
1,0,4.3,3547,6,10,207,650.0,459
1,0,3.3,261,38,15,484,500.0,435
1,0,3.9,59,15,22,453,600.0,158
1,0,4.2,128,44,22,96,650.0,208
1,0,4.4,633,35,23,387,400.0,69
1,0,4.2,176,15,9,684,250.0,413
1,0,4.0,1864,13,15,572,750.0,349
1,0,3.5,68,44,52,468,200.0,518
1,0,3.8,236,38,15,608,750.0,428
1,0,3.8,61,19,43,468,400.0,518
1,0,4.3,1217,15,15,618,1200.0,157
1,0,3.6,206,9,43,139,400.0,76
1,0,3.9,370,27,50,457,200.0,95
1,0,3.8,97,44,22,604,750.0,228
1,0,2.7,67,32,43,43,400.0,28
1,0,4.0,624,33,26,318,450.0,219
1,0,4.9,1746,5,23,312,400.0,518
1,1,3.8,194,41,15,114,800.0,154
1,0,4.1,204,42,43,665,250.0,269
1,0,4.1,1443,13,15,46,800.0,444
1,0,3.8,101,44,22,481,500.0,114
1,1,4.4,2860,13,15,45,750.0,408
1,0,3.7,89,13,43,462,400.0,436
1,0,4.1,1125,10,22,112,650.0,181
1,1,3.1,58,41,43,102,400.0,165
1,1,4.2,1746,15,15,106,750.0,518
1,0,4.3,146,42,15,124,650.0,108
1,1,4.4,3651,26,18,603,1300.0,184
1,0,4.6,2490,26,15,333,1600.0,253
1,1,4.3,375,15,15,686,1200.0,419
1,1,4.3,2664,27,10,181,1200.0,248
1,0,3.9,67,6,7,230,500.0,386
1,0,4.0,47,36,23,316,300.0,88
1,0,3.9,189,15,22,373,600.0,140
1,0,4.4,215,5,27,316,450.0,261
1,0,4.0,175,42,15,110,750.0,44
1,1,4.7,4657,9,40,600,1300.0,43
1,0,3.9,107,26,43,625,600.0,97
1,0,3.1,163,6,43,340,350.0,163
1,0,4.4,1087,26,1,69,600.0,101
1,0,2.8,109,38,15,270,500.0,388
1,0,3.0,74,38,15,468,500.0,472
1,0,4.2,444,15,15,633,700.0,294
1,1,4.3,2040,27,15,675,1500.0,53
1,0,3.7,123,5,28,244,400.0,513
1,0,4.0,568,15,8,319,400.0,251
1,0,4.2,172,8,15,465,800.0,508
1,0,3.7,42,33,15,261,900.0,152
1,0,3.9,55,41,43,108,400.0,518
1,0,4.0,787,36,43,39,400.0,226
1,1,4.3,393,5,5,365,1600.0,81
1,0,3.9,238,15,15,493,800.0,196
1,0,3.5,60,13,43,410,300.0,354
1,0,4.1,54,35,15,379,400.0,395
1,1,4.5,1621,9,15,413,1300.0,335
1,1,3.9,54,15,43,118,350.0,381
1,0,4.3,116,41,23,323,400.0,456
1,0,3.9,306,13,15,265,500.0,6
1,0,4.1,125,27,17,280,900.0,488
1,1,4.4,2560,15,15,59,1600.0,151
1,0,4.0,73,13,0,68,250.0,168
1,1,4.1,612,9,15,20,1100.0,252
1,0,3.9,100,5,50,457,400.0,292
1,0,3.9,847,13,15,462,700.0,145
1,0,4.2,432,42,11,220,700.0,57
1,0,4.0,90,13,52,342,650.0,193
1,0,4.3,570,42,10,182,700.0,503
1,1,4.0,1021,5,15,558,700.0,362
1,0,3.9,148,13,23,387,500.0,235
1,0,3.5,64,27,51,380,300.0,176
1,0,4.0,85,35,26,198,400.0,156
1,0,4.2,93,5,43,649,300.0,399
1,0,3.8,62,41,15,662,400.0,18
1,0,4.1,569,15,43,338,400.0,216
1,0,3.9,113,38,43,353,250.0,37
1,0,4.0,78,8,45,356,350.0,78
1,0,3.9,117,27,43,608,800.0,319
1,0,4.3,422,15,25,320,400.0,455
1,0,2.8,296,8,15,96,600.0,332
1,0,4.2,127,5,15,685,700.0,405
1,0,3.7,270,15,22,532,500.0,35
1,0,3.9,241,3,10,146,700.0,282
1,0,4.3,7544,6,31,14,1500.0,162
1,0,3.9,148,5,27,71,450.0,204
1,0,4.1,68,13,15,468,700.0,148
1,0,3.8,110,42,43,36,300.0,281
1,0,4.0,71,15,23,312,400.0,32
1,0,4.2,255,44,10,179,500.0,103
1,0,4.2,50,23,22,70,500.0,518
1,1,4.2,2840,35,17,415,800.0,330
1,0,4.0,289,15,23,312,300.0,92
1,0,4.2,1764,41,15,274,750.0,73
1,0,3.9,454,35,43,111,400.0,128
1,0,3.8,111,9,23,75,500.0,234
1,0,3.0,144,10,43,101,200.0,117
1,0,4.3,652,9,13,190,750.0,351
1,1,3.9,96,5,16,463,1300.0,257
1,0,4.3,1703,6,31,303,1300.0,96
1,0,3.9,442,13,15,125,600.0,518
1,0,3.8,262,36,15,262,850.0,518
1,0,3.9,205,41,15,506,500.0,367
1,0,4.0,113,27,15,395,1000.0,461
1,0,4.3,1283,15,12,205,1000.0,260
1,0,4.1,459,6,10,153,700.0,315
1,0,3.9,450,13,15,42,700.0,27
1,1,4.3,858,9,17,281,1000.0,224
1,0,4.2,231,26,2,78,300.0,308
1,0,4.4,319,6,15,558,800.0,179
1,0,3.9,224,6,15,548,950.0,402
1,0,3.8,59,8,49,349,300.0,39
1,0,3.3,65,5,10,193,900.0,89
1,0,3.9,206,5,15,614,800.0,490
1,0,3.9,87,42,15,509,500.0,368
1,1,4.2,980,42,16,369,1000.0,300
1,0,3.7,184,5,43,139,500.0,411
1,0,4.1,159,41,43,596,300.0,369
1,1,4.2,2270,41,16,335,1400.0,302
0,1,4.3,2651,5,5,305,1300.0,518
1,1,4.4,1840,26,15,414,1500.0,393
1,0,3.1,54,15,22,273,500.0,468
1,0,3.4,334,15,15,34,550.0,394
1,0,3.5,73,26,30,610,600.0,356
1,0,4.2,739,9,10,181,750.0,364
1,0,4.1,183,26,23,312,550.0,202
1,0,4.3,94,42,15,441,550.0,125
1,1,4.0,932,6,16,8,1000.0,42
1,0,4.3,392,15,10,150,700.0,205
1,0,3.9,169,13,43,571,600.0,141
1,0,3.9,64,5,44,337,250.0,429
1,1,4.3,763,26,15,621,1400.0,518
1,0,4.1,1117,5,15,7,1500.0,502
1,0,3.7,81,13,43,654,200.0,324
1,0,4.1,114,36,10,65,700.0,329
1,0,4.0,867,26,43,670,400.0,404
1,0,2.8,54,44,43,673,400.0,22
1,0,2.9,330,10,22,410,600.0,258
1,0,3.2,56,13,52,519,400.0,518
1,0,3.8,106,35,43,649,200.0,473
1,0,4.1,115,15,11,156,450.0,71
1,0,3.9,157,46,15,484,450.0,445
1,0,4.2,391,15,10,179,500.0,254
1,0,4.0,104,13,15,517,500.0,293
1,0,4.0,78,13,23,316,500.0,516
1,0,4.2,121,26,16,466,1000.0,313
1,0,3.8,260,27,10,146,700.0,518
1,0,4.1,152,44,10,204,300.0,51
1,0,3.9,256,13,15,446,700.0,225
1,0,2.9,50,5,43,662,350.0,84
1,0,4.0,134,6,43,339,450.0,160
1,0,4.0,68,6,23,312,250.0,231
1,0,3.9,51,15,43,684,200.0,431
1,0,3.5,62,6,43,110,400.0,518
1,0,3.9,184,38,15,657,400.0,427
1,0,3.8,208,9,15,666,400.0,485
1,0,3.9,200,15,43,645,400.0,518
1,1,4.0,144,15,10,211,700.0,49
1,0,3.9,117,42,15,231,600.0,518
1,1,4.2,937,6,10,172,750.0,505
1,1,4.3,61,5,15,639,700.0,131
1,0,4.2,33,9,23,322,300.0,218
1,0,4.4,222,27,43,137,700.0,255
1,1,4.1,765,42,16,11,1200.0,30
1,0,3.9,186,23,43,246,400.0,264
0,0,3.7,32,8,15,545,800.0,518
1,0,3.8,66,15,43,654,200.0,182
1,0,3.4,50,6,15,505,600.0,122
1,1,4.1,294,36,15,370,1000.0,61
1,0,3.6,82,38,15,484,500.0,511
1,0,3.7,162,9,15,262,700.0,518
1,0,4.0,48,5,15,418,1500.0,518
1,0,2.8,94,15,15,266,600.0,518
1,0,3.9,134,44,15,637,550.0,451
1,0,4.4,69,26,43,323,300.0,336
0,0,4.2,618,5,10,165,500.0,518
1,0,3.9,257,15,15,523,650.0,518
1,0,3.7,66,42,10,221,800.0,178
1,0,3.6,95,16,12,166,650.0,186
1,0,4.2,115,27,11,156,500.0,518
1,0,3.8,71,15,10,146,500.0,210
0,1,4.1,373,5,15,468,650.0,518
1,0,3.7,74,13,43,468,300.0,518
1,0,3.4,122,35,10,162,600.0,29
1,0,4.1,402,9,15,560,750.0,518
1,0,4.1,198,15,15,640,650.0,119
1,0,3.8,74,46,15,286,1000.0,418
1,0,3.5,126,13,15,244,700.0,518
1,0,3.0,40,5,23,384,200.0,407
1,0,3.7,279,5,15,521,800.0,352
1,1,4.1,523,15,15,272,800.0,518
1,0,3.8,102,15,23,323,300.0,171
1,0,3.0,110,15,15,22,700.0,518
1,0,3.8,96,42,10,187,600.0,249
1,0,3.6,91,15,15,527,550.0,8
1,1,2.2,406,27,15,450,1000.0,401
1,1,4.2,4732,6,15,486,1500.0,518
1,0,3.8,37,42,15,87,400.0,175
0,0,3.9,122,5,15,417,500.0,518
1,1,4.3,550,38,15,248,1200.0,265
1,0,4.0,153,15,15,521,700.0,518
1,0,3.3,73,32,22,606,750.0,518
1,1,4.4,1110,6,16,85,1200.0,518
1,1,4.0,929,5,15,620,800.0,183
1,0,4.0,558,15,15,523,900.0,246
1,0,3.8,72,5,10,151,650.0,518
1,1,4.1,247,15,15,422,800.0,518
1,1,4.6,1211,41,16,56,1700.0,518
1,1,4.5,1394,6,16,244,1700.0,3
1,0,3.9,463,42,12,149,800.0,60
1,1,4.3,500,26,16,244,1300.0,166
1,0,2.6,72,3,43,662,300.0,518
1,0,4.1,391,9,15,239,600.0,416
1,1,4.1,450,6,15,468,1000.0,87
1,1,4.2,474,9,15,521,1700.0,387
1,0,4.2,133,9,15,60,1500.0,417
0,0,3.9,39,5,15,271,500.0,518
1,1,4.3,3484,26,42,277,1700.0,518
1,0,4.2,974,15,15,259,1100.0,164
1,1,4.1,860,35,15,635,1400.0,400
1,0,4.0,779,6,15,16,650.0,471
1,0,3.6,104,5,10,180,800.0,54
0,0,3.4,8,5,43,468,450.0,518
1,0,4.0,360,35,15,266,1000.0,486
1,0,3.5,98,15,15,488,600.0,236
1,0,4.1,290,22,43,143,600.0,518
1,0,3.3,201,9,15,233,700.0,149
1,1,4.0,455,9,15,262,1000.0,518
1,0,3.7,50,28,15,646,750.0,518
1,1,4.2,2923,6,15,394,1000.0,406
1,1,4.1,853,6,15,635,1400.0,340
1,1,4.1,207,15,5,9,1500.0,462
1,1,4.1,354,36,15,643,1200.0,115
1,1,4.0,378,9,15,510,850.0,518
1,1,4.3,3126,27,15,578,1500.0,458
1,1,4.4,218,41,15,632,850.0,518
1,1,4.4,712,36,15,443,1000.0,518
1,0,3.6,54,13,15,267,600.0,306
1,1,3.8,297,15,15,497,1200.0,338
1,0,4.0,176,22,22,343,300.0,518
1,0,3.9,118,13,15,287,1000.0,333
1,0,4.0,2418,15,31,348,1400.0,518
1,1,4.1,1053,15,52,301,1400.0,518
1,0,3.8,109,22,52,410,400.0,518
0,1,3.8,108,42,4,484,1400.0,518
1,0,4.0,528,12,22,135,350.0,518
1,1,3.8,81,42,15,262,800.0,518
1,0,3.2,46,42,43,468,300.0,518
1,0,2.1,252,15,22,564,500.0,518
1,0,4.0,1096,42,15,425,1300.0,223
0,0,4.3,1773,35,15,17,800.0,518
0,0,4.3,67,35,10,219,400.0,518
0,0,4.0,101,36,15,233,550.0,518
0,0,3.0,107,27,15,535,800.0,518
0,0,3.7,145,36,17,249,1000.0,518
0,0,3.7,160,41,43,96,300.0,518
0,1,3.6,277,41,16,23,800.0,518
0,0,2.9,46,38,15,669,550.0,518
0,0,4.1,121,36,15,484,600.0,518
1,0,4.1,119,36,15,276,1000.0,0
1,0,3.6,118,36,15,233,500.0,135
1,0,3.9,158,16,15,264,1300.0,153
1,0,3.7,46,33,15,642,1000.0,357
1,1,3.8,203,36,15,516,1200.0,497
1,1,4.0,188,39,16,554,1300.0,460
1,0,4.3,783,13,43,468,300.0,518
1,0,3.7,111,39,15,484,550.0,518
1,0,3.8,170,38,43,578,250.0,518
1,0,3.6,79,35,43,645,500.0,518
1,0,3.8,263,15,52,232,700.0,518
0,1,4.4,2039,26,16,377,1200.0,518
0,1,4.1,93,35,38,283,1000.0,518
0,0,4.1,1543,26,38,311,1200.0,518
0,0,3.9,234,25,5,408,1000.0,518
1,0,3.9,84,33,5,307,1500.0,518
0,0,4.3,1348,36,15,120,550.0,518
0,1,4.1,473,38,15,460,800.0,518
0,0,4.5,3569,41,10,147,900.0,518
1,1,4.4,691,27,17,4,1700.0,25
0,1,4.3,518,38,15,416,1400.0,518
0,0,4.3,1187,35,15,233,550.0,518
0,0,4.4,1896,35,23,389,400.0,518
0,0,4.2,162,42,10,226,750.0,518
0,0,4.1,356,36,43,476,400.0,518
0,0,4.3,788,6,12,203,900.0,518
0,0,3.9,80,6,43,233,500.0,518
0,0,4.1,765,35,15,559,800.0,518
0,0,4.0,1443,27,25,321,500.0,518
0,0,4.3,524,6,15,467,800.0,518
0,0,4.3,183,6,23,323,400.0,518
1,0,4.3,1133,16,10,195,800.0,495
0,0,4.0,47,42,10,209,750.0,518
0,0,3.9,155,26,15,502,600.0,518
0,0,3.9,52,8,52,70,1200.0,518
0,0,2.7,77,27,43,506,500.0,518
0,0,4.0,53,9,43,452,400.0,518
0,0,3.8,95,6,43,336,500.0,518
0,0,3.9,134,41,15,403,800.0,518
0,1,3.9,156,9,15,594,1100.0,518
0,0,4.0,209,35,15,244,500.0,518
0,0,4.1,399,39,43,474,300.0,518
0,0,3.4,10,27,43,488,350.0,518
0,0,3.4,27,27,43,557,300.0,518
0,0,3.0,53,6,43,666,250.0,518
1,0,2.8,142,13,3,70,300.0,518
1,0,3.9,430,13,15,461,550.0,518
1,0,3.8,69,5,15,661,500.0,285
1,0,3.5,140,6,15,468,600.0,198
1,1,3.8,198,27,15,402,1600.0,518
1,1,4.3,1048,26,15,401,1600.0,389
1,0,4.1,1079,5,47,138,550.0,5
1,0,4.9,1746,5,23,312,400.0,518
1,0,4.4,215,5,27,316,450.0,261
1,0,3.9,64,5,44,337,250.0,518
1,0,3.9,148,5,27,71,450.0,204
1,0,3.9,100,5,50,457,400.0,291
1,0,3.0,40,5,23,384,200.0,407
1,0,4.0,93,5,23,312,300.0,91
0,1,4.1,473,38,15,460,800.0,518
1,1,4.2,2840,35,17,415,800.0,330
0,1,4.0,1703,6,10,173,1000.0,518
1,0,4.4,1087,26,1,69,600.0,101
0,0,4.4,1896,35,23,389,400.0,518
0,0,4.5,232,36,23,324,1250.0,518
0,0,4.3,521,26,1,624,1400.0,518
0,0,3.6,221,8,43,681,300.0,518
1,0,4.1,114,36,10,65,700.0,329
1,0,4.3,570,42,10,182,700.0,503
0,0,4.0,1443,27,25,321,500.0,518
1,0,4.4,69,26,43,323,300.0,337
0,0,4.3,183,6,23,323,400.0,518
0,0,4.5,292,26,23,387,400.0,518
1,0,4.2,432,42,11,220,700.0,518
1,1,4.1,294,36,15,370,1000.0,61
1,0,4.2,115,27,11,156,500.0,518
0,0,4.0,97,42,23,68,400.0,518
0,0,3.6,52,36,3,75,300.0,518
1,0,4.0,78,8,45,356,350.0,78
1,0,4.3,116,41,23,323,400.0,456
1,0,4.2,231,26,2,78,300.0,308
0,0,4.0,79,27,23,312,800.0,518
0,0,4.0,183,8,43,457,400.0,518
1,0,4.0,85,35,26,198,400.0,518
1,0,3.8,59,8,49,349,300.0,518
1,0,4.1,63,27,23,312,900.0,518
1,0,4.0,68,6,23,312,250.0,518
1,0,4.0,122,6,9,90,400.0,518
1,0,2.9,46,42,3,74,400.0,518
1,0,4.0,47,36,23,316,300.0,518
0,0,3.4,27,27,43,557,300.0,518
1,0,4.1,49,35,22,70,500.0,518
1,0,3.7,73,35,23,316,350.0,518
0,0,3.9,49,35,23,68,600.0,518
1,0,4.1,125,27,17,280,900.0,518
1,1,4.7,4657,9,40,600,1300.0,43
0,0,4.1,211,13,3,75,200.0,518
1,0,4.3,652,9,13,190,750.0,351
1,0,4.2,33,9,23,322,300.0,218
1,1,4.3,61,5,15,639,700.0,131
0,1,4.3,2651,5,5,305,1300.0,518
0,1,4.4,1187,5,15,435,1100.0,518
0,0,4.5,1573,5,16,642,1500.0,518
0,1,4.4,256,5,35,54,1500.0,518
1,0,4.4,2090,5,15,572,750.0,26
0,1,4.2,240,5,38,12,1500.0,518
1,0,4.0,48,5,15,418,1500.0,517
1,1,4.3,393,5,5,365,1600.0,81
1,0,4.1,1117,5,15,7,1500.0,502
0,0,4.2,4422,5,20,6,1200.0,518
1,1,4.0,929,5,15,620,800.0,518
0,1,4.1,548,5,41,361,1100.0,518
0,0,4.0,949,5,38,484,1100.0,518
0,0,4.2,618,5,10,165,500.0,518
1,0,3.9,387,5,15,608,750.0,518
0,0,2.0,395,5,31,361,1500.0,518
1,0,3.7,279,5,15,521,800.0,518
1,0,4.2,127,5,15,685,700.0,518
0,1,4.1,373,5,15,468,650.0,518
1,0,3.8,72,5,10,151,650.0,518
1,0,2.9,50,5,43,662,350.0,518
0,0,4.0,162,5,43,271,400.0,518
0,0,2.8,133,5,15,591,650.0,518
1,1,4.0,1021,5,15,558,700.0,518
0,0,3.9,122,5,15,417,500.0,518
1,1,3.9,96,5,16,463,1300.0,518
0,1,3.9,105,5,15,253,1000.0,518
0,0,3.7,125,5,15,265,600.0,518
1,0,3.8,69,5,15,661,500.0,518
0,0,3.9,39,5,15,271,500.0,518
1,0,3.9,206,5,15,614,800.0,518
1,0,3.6,104,5,10,180,800.0,518
1,0,4.1,1079,5,47,138,550.0,518
1,0,3.8,191,5,43,139,450.0,518
1,0,3.9,64,5,44,337,250.0,518
0,0,4.0,336,5,43,690,300.0,518
1,0,3.7,123,5,28,244,400.0,518
0,0,2.7,61,5,43,625,600.0,518
1,0,3.7,184,5,43,139,500.0,411
1,0,4.2,93,5,43,649,300.0,518
0,0,3.4,8,5,43,468,450.0,518
1,0,3.5,89,5,27,140,600.0,150
0,1,4.4,4575,27,31,58,1700.0,518
1,1,4.2,4732,6,15,486,1500.0,480
0,0,4.7,3894,35,35,278,1500.0,518
1,1,4.3,3126,27,15,578,1500.0,458
0,0,4.3,1773,35,15,17,800.0,518
0,0,4.3,1348,36,15,120,550.0,518
0,0,4.6,2259,6,10,224,1100.0,518
0,0,4.4,2392,26,19,459,1500.0,518
1,1,4.6,1211,41,16,56,1700.0,518
0,1,4.2,2212,35,36,294,1700.0,518
1,0,4.3,7544,6,31,14,1500.0,518
0,1,4.4,2039,26,16,377,1200.0,518
1,1,4.4,1110,6,16,85,1200.0,518
1,1,4.4,3651,26,18,603,1300.0,518
0,1,4.6,1082,36,15,330,1500.0,518
0,0,4.3,606,41,41,285,1300.0,518
1,1,4.3,2664,27,10,181,1200.0,248
0,1,4.1,473,38,15,460,800.0,518
0,1,4.1,2044,16,15,558,1600.0,518
1,1,4.3,3484,26,42,277,1700.0,518
1,0,4.6,2490,26,15,333,1600.0,518
0,1,4.2,167,6,15,659,1000.0,518
1,1,4.2,2840,35,17,415,800.0,518
1,1,4.3,2040,27,15,675,1500.0,518
0,0,3.9,2322,41,15,663,700.0,518
0,0,4.3,1028,26,31,454,1500.0,518
1,1,4.2,2923,6,15,394,1000.0,518
1,1,4.5,1394,6,16,244,1700.0,518
1,1,4.3,763,26,15,621,1400.0,518
1,1,4.4,1867,26,15,414,1500.0,518
1,0,4.3,2177,35,15,100,600.0,518
1,0,3.9,74,27,15,107,800.0,518
0,0,4.5,3614,41,10,147,900.0,518
0,1,4.4,282,35,5,51,1200.0,518
1,1,4.4,737,27,17,4,1700.0,518
0,1,4.4,1094,42,15,541,1600.0,518
0,0,4.3,1773,6,31,303,1300.0,518
1,1,4.1,875,35,15,635,1400.0,518
0,1,4.4,189,26,16,498,1000.0,518
0,1,4.1,1769,6,10,173,1000.0,518
0,0,4.4,2662,6,10,146,600.0,518
0,1,4.3,548,38,15,416,1400.0,518
1,0,3.9,377,27,50,457,200.0,518
0,1,4.5,340,27,15,393,1500.0,518
0,0,4.3,1199,35,15,233,550.0,518
0,1,3.8,64,27,15,63,1500.0,518
0,0,4.1,1022,35,15,503,500.0,518
0,1,4.2,347,26,16,558,1000.0,518
0,0,4.3,2319,6,5,363,1100.0,518
1,0,4.0,787,6,15,16,650.0,518
0,1,4.3,284,41,5,448,1200.0,518
0,0,4.3,456,26,19,67,1500.0,518
0,1,4.2,2074,26,15,332,1500.0,518
0,1,4.1,209,27,41,292,1000.0,518
1,1,4.2,2270,41,16,335,1400.0,302
0,0,4.3,687,26,15,687,1500.0,518
0,0,4.2,1279,6,38,297,1100.0,518
1,0,3.9,117,42,15,231,600.0,74
1,1,4.3,500,26,16,244,1300.0,166
1,1,4.2,980,42,16,369,1000.0,300
1,0,4.0,1096,42,15,425,1300.0,223
1,0,4.3,3547,6,10,207,650.0,459
1,1,4.4,218,41,15,632,850.0,518
1,1,4.2,937,6,10,172,750.0,505
0,0,4.1,530,8,15,250,500.0,518
1,1,4.0,932,6,16,8,1000.0,42
1,1,4.4,712,36,15,443,1000.0,518
0,1,4.6,116,36,15,233,1200.0,518
0,0,4.2,162,42,10,226,750.0,518
0,1,4.1,93,35,38,283,1000.0,518
1,1,4.1,853,6,15,635,1400.0,340
0,0,4.3,67,35,10,219,400.0,518
0,0,4.3,788,6,12,203,900.0,518
0,1,3.9,680,6,16,648,1200.0,518
0,0,4.1,765,35,15,559,800.0,518
0,1,4.2,538,27,20,573,1500.0,518
0,1,4.3,325,36,15,524,1200.0,518
0,0,3.9,161,39,15,484,500.0,518
1,0,4.1,114,36,10,65,700.0,329
0,1,4.0,171,6,15,468,1300.0,518
1,1,4.1,354,36,15,643,1200.0,115
1,1,4.1,450,6,15,468,1000.0,518
1,1,4.1,765,42,16,11,1200.0,30
0,0,3.9,378,35,4,506,1000.0,518
1,0,4.3,570,42,10,182,700.0,503
1,0,4.0,162,36,16,468,1700.0,279
1,1,4.3,550,38,15,248,1200.0,265
1,1,4.3,1048,26,15,401,1600.0,389
1,0,4.4,319,6,15,558,800.0,518
0,0,4.1,1543,26,38,311,1200.0,518
1,0,4.0,113,27,15,395,1000.0,518
1,0,4.1,459,6,10,153,700.0,518
1,1,4.0,188,39,16,554,1300.0,460
0,0,4.3,524,6,15,467,800.0,518
1,0,4.0,360,35,15,266,1000.0,486
1,0,2.8,109,38,15,270,500.0,518
1,0,4.0,175,42,15,110,750.0,44
1,0,3.9,463,42,12,149,800.0,60
1,0,4.2,172,8,15,465,800.0,508
1,0,4.3,1133,16,10,195,800.0,495
1,0,4.2,121,26,16,466,1000.0,518
1,0,3.9,205,41,15,506,500.0,518
0,1,3.9,297,38,10,204,750.0,518
1,0,3.9,366,35,15,493,800.0,518
1,0,3.6,95,16,12,166,650.0,186
1,0,3.9,224,6,15,548,950.0,518
1,0,4.2,1764,41,15,274,750.0,518
1,1,4.1,294,36,15,370,1000.0,61
0,1,3.9,747,6,38,364,1500.0,518
1,0,4.2,115,27,11,156,500.0,518
1,0,4.1,54,35,15,379,400.0,518
0,0,4.0,108,39,15,484,550.0,518
0,0,4.2,115,42,17,436,1000.0,518
0,0,3.9,191,41,4,361,600.0,518
0,0,4.0,224,35,15,587,700.0,518
1,0,3.7,111,39,15,484,550.0,518
1,1,3.8,203,36,15,516,1200.0,518
0,0,2.7,402,27,38,484,1000.0,518
0,0,4.2,697,41,43,642,300.0,518
1,0,3.9,158,16,15,264,1300.0,518
1,0,3.9,87,42,15,509,500.0,518
0,0,3.9,234,25,5,408,1000.0,518
1,0,3.6,82,38,15,484,500.0,518
1,1,3.8,198,27,15,402,1600.0,518
1,0,3.0,74,38,15,468,500.0,472
0,1,3.7,91,26,11,158,1000.0,518
0,0,3.6,60,39,15,582,450.0,518
1,0,4.1,119,36,15,276,1000.0,518
1,1,3.1,58,41,43,102,400.0,518
0,0,2.5,433,8,15,261,650.0,518
0,0,4.0,101,36,15,233,550.0,518
0,0,4.1,104,26,14,215,1200.0,518
0,0,3.1,120,26,16,535,1200.0,518
0,0,2.8,253,16,15,484,1000.0,518
0,0,3.7,293,35,38,532,1000.0,518
0,0,4.0,62,42,31,361,1500.0,518
1,0,3.9,184,38,15,657,400.0,518
1,0,3.8,59,8,49,349,300.0,518
0,1,3.8,73,38,4,307,1200.0,518
1,0,3.9,67,6,7,230,500.0,518
1,0,4.2,382,42,10,612,500.0,518
0,0,3.9,134,41,15,403,800.0,518
1,0,2.6,307,38,15,462,700.0,518
0,0,3.9,89,41,15,567,1400.0,518
1,0,2.8,296,8,15,96,600.0,518
1,0,3.4,122,35,10,162,600.0,518
0,1,3.9,315,27,10,180,800.0,518
0,0,3.7,52,36,15,582,550.0,518
1,0,3.8,262,36,15,262,850.0,518
1,0,3.3,261,38,15,484,500.0,518
0,1,3.8,108,42,4,484,1400.0,518
0,0,3.0,107,27,15,535,800.0,518
0,0,3.7,145,36,17,249,1000.0,518
0,0,4.1,259,27,16,282,1200.0,518
0,1,4.2,258,27,16,688,1500.0,518
1,0,4.0,132,35,9,684,250.0,518
1,0,3.8,96,42,10,187,600.0,518
0,0,3.7,57,41,15,484,700.0,518
0,0,3.8,67,36,15,642,500.0,518
0,0,4.0,209,35,15,244,500.0,518
0,0,3.8,150,6,15,273,800.0,518
1,0,3.5,140,6,15,468,600.0,518
0,1,3.6,277,41,16,23,800.0,518
0,0,1.8,224,6,15,535,1200.0,518
0,0,2.9,46,38,15,669,550.0,518
1,1,3.8,194,41,15,114,800.0,518
0,0,3.9,119,16,16,637,800.0,518
0,0,3.8,52,36,15,538,1200.0,518
0,0,3.7,32,8,15,545,800.0,518
0,0,2.2,48,35,15,425,600.0,518
0,0,3.4,10,27,43,488,350.0,518
1,0,3.8,260,27,10,146,700.0,518
1,0,3.4,50,6,15,505,600.0,518
1,0,4.1,125,27,17,280,900.0,518
0,0,4.1,121,36,15,484,600.0,518
1,1,2.2,406,27,15,450,1000.0,518
1,0,4.4,1087,26,1,69,600.0,518
1,0,4.0,867,26,43,670,400.0,518
0,0,4.5,174,36,43,575,250.0,518
1,0,4.4,222,27,43,137,700.0,256
0,0,4.1,356,36,43,476,400.0,518
0,0,3.6,221,8,43,681,300.0,518
0,0,3.9,80,6,43,233,500.0,518
0,0,4.0,1217,6,43,642,200.0,518
0,0,4.0,1443,27,25,321,500.0,518
1,1,4.1,94,6,43,378,300.0,1
1,0,4.3,284,41,43,145,500.0,518
0,0,4.0,102,36,43,32,300.0,518
1,0,4.1,159,41,43,596,300.0,518
0,0,4.0,89,16,43,652,300.0,518
1,0,4.1,204,42,43,665,250.0,518
0,0,2.7,77,27,43,506,500.0,518
0,0,3.6,52,36,3,75,300.0,518
1,0,4.0,787,36,43,39,400.0,518
1,0,3.9,113,38,43,353,250.0,518
1,0,4.0,78,8,45,356,350.0,518
1,0,3.9,117,27,43,608,800.0,518
1,0,3.8,106,35,43,649,200.0,518
0,0,3.0,33,8,43,650,400.0,518
0,0,3.2,57,26,43,634,350.0,518
1,0,3.9,55,41,43,108,400.0,518
1,0,3.6,79,35,43,645,500.0,518
0,0,3.8,95,6,43,336,500.0,518
0,0,3.9,77,27,43,642,200.0,518
